
-- +goose Up
-- SQL in section 'Up' is executed when this migration is applied
/*!40101 SET @OLD_CHARACTER_SET_CLIENT=@@CHARACTER_SET_CLIENT */;
/*!40101 SET @OLD_CHARACTER_SET_RESULTS=@@CHARACTER_SET_RESULTS */;
/*!40101 SET @OLD_COLLATION_CONNECTION=@@COLLATION_CONNECTION */;
/*!40101 SET NAMES utf8 */;
/*!40014 SET @OLD_FOREIGN_KEY_CHECKS=@@FOREIGN_KEY_CHECKS, FOREIGN_KEY_CHECKS=0 */;
/*!40101 SET @OLD_SQL_MODE=@@SQL_MODE, SQL_MODE='NO_AUTO_VALUE_ON_ZERO' */;
/*!40111 SET @OLD_SQL_NOTES=@@SQL_NOTES, SQL_NOTES=0 */;


# Dump of table account
# ------------------------------------------------------------

DROP TABLE IF EXISTS `account`;

CREATE TABLE `account` (
  `id` varchar(36) COLLATE utf8_unicode_ci NOT NULL,
  `name` varchar(255) COLLATE utf8_unicode_ci NOT NULL,
  `company_id` varchar(36) COLLATE utf8_unicode_ci DEFAULT NULL,
  `creator_id` varchar(36) COLLATE utf8_unicode_ci DEFAULT NULL,
  `updater_id` varchar(36) COLLATE utf8_unicode_ci DEFAULT NULL,
  `deleted` datetime DEFAULT NULL,
  `created` datetime NOT NULL,
  `created_time_zone` int(11) DEFAULT NULL,
  `updated` datetime NOT NULL,
  `updated_time_zone` int(11) DEFAULT NULL,
  PRIMARY KEY (`id`),
  KEY `FK_D48A8F7C61220AA3` (`updater_id`),
  KEY `FK_D48A2F7C61220AA3` (`creator_id`),
  KEY `FK_D48A2F7C61220AA4` (`company_id`),
  CONSTRAINT `FK_D48A8F7C61220AA3` FOREIGN KEY (`company_id`) REFERENCES `company` (`id`),
  CONSTRAINT `FK_D48A2F7C61220AA3` FOREIGN KEY (`creator_id`) REFERENCES `user` (`id`),
  CONSTRAINT `FK_D48A2F7C61220AA4` FOREIGN KEY (`updater_id`) REFERENCES `user` (`id`)
) ENGINE=InnoDB DEFAULT CHARSET=utf8 COLLATE=utf8_unicode_ci;

LOCK TABLES `account` WRITE;
/*!40000 ALTER TABLE `account` DISABLE KEYS */;

INSERT INTO `account` (`id`, `name`, `company_id`, `creator_id`, `updater_id`, `deleted`, `created`, `created_time_zone`, `updated`, `updated_time_zone`)
VALUES
	('69b07036-c159-11e4-898f-10c37b247796','Some Account',NULL,'5fbec591-acc8-49fe-a44e-46c59cae99f9','5fbec591-acc8-49fe-a44e-46c59cae99f9',NULL,'2015-03-02 20:10:10',151,'2015-03-02 20:10:10',151);

/*!40000 ALTER TABLE `account` ENABLE KEYS */;
UNLOCK TABLES;


# Dump of table city
# ------------------------------------------------------------

DROP TABLE IF EXISTS `city`;

CREATE TABLE `city` (
  `id` varchar(36) COLLATE utf8_unicode_ci NOT NULL,
  `creator_id` varchar(36) COLLATE utf8_unicode_ci DEFAULT NULL,
  `updater_id` varchar(36) COLLATE utf8_unicode_ci DEFAULT NULL,
  `country_id` varchar(2) COLLATE utf8_unicode_ci NOT NULL,
  `name` varchar(100) COLLATE utf8_unicode_ci NOT NULL,
  `accent_name` varchar(100) COLLATE utf8_unicode_ci NOT NULL,
  `region` int(11) NOT NULL,
  `latitude` double NOT NULL,
  `longitude` double NOT NULL,
  `deleted` tinyint(1) NOT NULL,
  `created` datetime NOT NULL,
  `created_time_zone` int(11) DEFAULT NULL,
  `updated` datetime NOT NULL,
  `updated_time_zone` int(11) DEFAULT NULL,
  PRIMARY KEY (`id`),
  KEY `IDX_2D5B023461220EA6` (`creator_id`),
  KEY `IDX_2D5B0234E37ECFB0` (`updater_id`),
  CONSTRAINT `FK_2D5B023461220EA6` FOREIGN KEY (`creator_id`) REFERENCES `user` (`id`),
  CONSTRAINT `FK_2D5B0234E37ECFB0` FOREIGN KEY (`updater_id`) REFERENCES `user` (`id`)
) ENGINE=InnoDB DEFAULT CHARSET=utf8 COLLATE=utf8_unicode_ci;



# Dump of table company
# ------------------------------------------------------------

DROP TABLE IF EXISTS `company`;

CREATE TABLE `company` (
  `id` varchar(36) COLLATE utf8_unicode_ci NOT NULL,
  `creator_id` varchar(36) COLLATE utf8_unicode_ci DEFAULT NULL,
  `updater_id` varchar(36) COLLATE utf8_unicode_ci DEFAULT NULL,
  `name` varchar(255) COLLATE utf8_unicode_ci NOT NULL,
  `int_id` int(11) DEFAULT NULL,
  `tax_id` varchar(10) COLLATE utf8_unicode_ci DEFAULT NULL,
  `location_id` varchar(36) COLLATE utf8_unicode_ci DEFAULT NULL,
  `Phone` varchar(15) COLLATE utf8_unicode_ci DEFAULT NULL,
  `deleted` datetime DEFAULT NULL,
  `created` datetime NOT NULL,
  `created_time_zone` int(11) DEFAULT NULL,
  `updated` datetime NOT NULL,
  `updated_time_zone` int(11) DEFAULT NULL,
  `tax` double DEFAULT NULL,
  `mobile` varchar(15) COLLATE utf8_unicode_ci DEFAULT NULL,
  `fax` varchar(255) COLLATE utf8_unicode_ci DEFAULT NULL,
  `email` varchar(100) COLLATE utf8_unicode_ci DEFAULT NULL,
  `order_number` int(11) DEFAULT NULL,
  PRIMARY KEY (`id`),
  KEY `IDX_4FBF094F61220EA6` (`creator_id`),
  KEY `IDX_4FBF094FE37ECFB0` (`updater_id`),
  KEY `location_id` (`location_id`),
  CONSTRAINT `FK_4FBF094F61220EA6` FOREIGN KEY (`creator_id`) REFERENCES `user` (`id`),
  CONSTRAINT `FK_4FBF094FE37ECFB0` FOREIGN KEY (`updater_id`) REFERENCES `user` (`id`),
  CONSTRAINT `FK_4FBF094FE37ECFB8` FOREIGN KEY (`location_id`) REFERENCES `location` (`id`) ON DELETE NO ACTION ON UPDATE NO ACTION
) ENGINE=InnoDB DEFAULT CHARSET=utf8 COLLATE=utf8_unicode_ci;

LOCK TABLES `company` WRITE;
/*!40000 ALTER TABLE `company` DISABLE KEYS */;

INSERT INTO `company` (`id`, `creator_id`, `updater_id`, `name`, `int_id`, `tax_id`, `location_id`, `Phone`, `deleted`, `created`, `created_time_zone`, `updated`, `updated_time_zone`, `tax`, `mobile`, `fax`, `email`, `order_number`)
VALUES
	('242495b7-69f4-4107-a4d8-850540e6b834',NULL,NULL,'DVS',NULL,'98-0081645',NULL,NULL,NULL,'2012-06-25 20:01:07',414,'2012-06-25 20:01:07',414,7,NULL,NULL,NULL,NULL);

/*!40000 ALTER TABLE `company` ENABLE KEYS */;
UNLOCK TABLES;


# Dump of table company_scope
# ------------------------------------------------------------

DROP TABLE IF EXISTS `company_scope`;

CREATE TABLE `company_scope` (
  `id` varchar(36) COLLATE utf8_unicode_ci NOT NULL,
  `name` varchar(80) COLLATE utf8_unicode_ci NOT NULL,
  `name_key` varchar(255) COLLATE utf8_unicode_ci NOT NULL,
  `deleted` datetime DEFAULT NULL,
  `creator_id` varchar(36) COLLATE utf8_unicode_ci DEFAULT NULL,
  `updater_id` varchar(36) COLLATE utf8_unicode_ci DEFAULT NULL,
  `created` datetime NOT NULL,
  `created_time_zone` int(11) DEFAULT NULL,
  `updated` datetime NOT NULL,
  `updated_time_zone` int(11) DEFAULT NULL,
  PRIMARY KEY (`id`),
  KEY `IDX_5373C96661220EA1` (`creator_id`),
  KEY `IDX_5373C966E37ECFB2` (`updater_id`),
  CONSTRAINT `FK_8D93D6495373C967` FOREIGN KEY (`creator_id`) REFERENCES `user` (`id`),
  CONSTRAINT `FK_8D93D6495373C968` FOREIGN KEY (`updater_id`) REFERENCES `user` (`id`)
) ENGINE=InnoDB DEFAULT CHARSET=utf8 COLLATE=utf8_unicode_ci;

LOCK TABLES `company_scope` WRITE;
/*!40000 ALTER TABLE `company_scope` DISABLE KEYS */;

INSERT INTO `company_scope` (`id`, `name`, `name_key`, `deleted`, `creator_id`, `updater_id`, `created`, `created_time_zone`, `updated`, `updated_time_zone`)
VALUES
	('8b16c42e-c1ea-11e4-b9a6-a088694cea32','Entire business','ENTIRE_BUSINESS',NULL,'5fbec591-acc8-49fe-a44e-46c59cae99f9','5fbec591-acc8-49fe-a44e-46c59cae99f9','2015-03-03 00:00:00',NULL,'2015-03-03 00:00:00',NULL),
	('8b16c42e-c1ea-11e4-b9a6-a088694cea33','Some of my locations','SOME_LOCATIONS',NULL,'5fbec591-acc8-49fe-a44e-46c59cae99f9','5fbec591-acc8-49fe-a44e-46c59cae99f9','2015-03-03 00:00:00',NULL,'2015-03-03 00:00:00',NULL),
	('8b16c42e-c1ea-11e4-b9a6-a088694cea34','All of my credit transactions','ALL_CREDIT',NULL,'5fbec591-acc8-49fe-a44e-46c59cae99f9','5fbec591-acc8-49fe-a44e-46c59cae99f9','2015-03-03 00:00:00',NULL,'2015-03-03 00:00:00',NULL),
	('8b16c42e-c1ea-11e4-b9a6-a088694cea35','Some of my card transactions','SOME_CREDIT',NULL,'5fbec591-acc8-49fe-a44e-46c59cae99f9','5fbec591-acc8-49fe-a44e-46c59cae99f9','2015-03-03 00:00:00',NULL,'2015-03-03 00:00:00',NULL),
	('8b16c42e-c1ea-11e4-b9a6-a088694cea36','As a backup processor','BACKUP',NULL,'5fbec591-acc8-49fe-a44e-46c59cae99f9','5fbec591-acc8-49fe-a44e-46c59cae99f9','2015-03-03 00:00:00',NULL,'2015-03-03 00:00:00',NULL),
	('8b16c42e-c1ea-11e4-b9a6-a088694cea37','For events only','EVENTS',NULL,'5fbec591-acc8-49fe-a44e-46c59cae99f9','5fbec591-acc8-49fe-a44e-46c59cae99f9','2015-03-03 00:00:00',NULL,'2015-03-03 00:00:00',NULL);

/*!40000 ALTER TABLE `company_scope` ENABLE KEYS */;
UNLOCK TABLES;


# Dump of table config
# ------------------------------------------------------------

DROP TABLE IF EXISTS `config`;

CREATE TABLE `config` (
  `id` varchar(36) COLLATE utf8_unicode_ci NOT NULL,
  `creator_id` varchar(36) COLLATE utf8_unicode_ci DEFAULT NULL,
  `updater_id` varchar(36) COLLATE utf8_unicode_ci DEFAULT NULL,
  `owner_id` varchar(36) COLLATE utf8_unicode_ci NOT NULL,
  `config_key` varchar(64) COLLATE utf8_unicode_ci NOT NULL,
  `dataType` varchar(20) COLLATE utf8_unicode_ci NOT NULL,
  `dataString` varchar(255) COLLATE utf8_unicode_ci DEFAULT NULL,
  `dataInt` int(11) DEFAULT NULL,
  `dataText` longtext COLLATE utf8_unicode_ci,
  `dataArray` longtext COLLATE utf8_unicode_ci COMMENT '(DC2Type:array)',
  `dataEntity` varchar(128) COLLATE utf8_unicode_ci DEFAULT NULL,
  `dataObject` longtext COLLATE utf8_unicode_ci,
  `deleted` tinyint(1) NOT NULL,
  `created` datetime NOT NULL,
  `created_time_zone` int(11) DEFAULT NULL,
  `updated` datetime NOT NULL,
  `updated_time_zone` int(11) DEFAULT NULL,
  PRIMARY KEY (`id`),
  KEY `IDX_D48A2F7C61220EA6` (`creator_id`),
  KEY `IDX_D48A2F7CE37ECFB0` (`updater_id`),
  CONSTRAINT `FK_D48A2F7C61220EA6` FOREIGN KEY (`creator_id`) REFERENCES `user` (`id`),
  CONSTRAINT `FK_D48A2F7CE37ECFB0` FOREIGN KEY (`updater_id`) REFERENCES `user` (`id`)
) ENGINE=InnoDB DEFAULT CHARSET=utf8 COLLATE=utf8_unicode_ci;



# Dump of table contact
# ------------------------------------------------------------

DROP TABLE IF EXISTS `contact`;

CREATE TABLE `contact` (
  `id` varchar(36) COLLATE utf8_unicode_ci NOT NULL,
  `name` varchar(255) COLLATE utf8_unicode_ci NOT NULL,
  `last_name` varchar(255) COLLATE utf8_unicode_ci NOT NULL,
  `phone` varchar(50) COLLATE utf8_unicode_ci NOT NULL,
  `email` varchar(100) COLLATE utf8_unicode_ci NOT NULL,
  `include_email` tinyint(1) NOT NULL DEFAULT '0',
  `owner` varchar(20) COLLATE utf8_unicode_ci NOT NULL,
  `owner_id` varchar(36) COLLATE utf8_unicode_ci NOT NULL,
  `deleted` datetime DEFAULT NULL,
  `creator_id` varchar(36) COLLATE utf8_unicode_ci DEFAULT NULL,
  `created` datetime NOT NULL,
  `created_time_zone` int(11) DEFAULT NULL,
  `updater_id` varchar(36) COLLATE utf8_unicode_ci DEFAULT NULL,
  `updated` datetime NOT NULL,
  `updated_time_zone` int(11) DEFAULT NULL,
  PRIMARY KEY (`id`),
  KEY `IDX_4C62E63861220EA6` (`creator_id`),
  KEY `IDX_4C62E638E37ECFB0` (`updater_id`),
  CONSTRAINT `FK_4C62E63861220EA6` FOREIGN KEY (`creator_id`) REFERENCES `user` (`id`),
  CONSTRAINT `FK_4C62E638E37ECFB0` FOREIGN KEY (`updater_id`) REFERENCES `user` (`id`)
) ENGINE=InnoDB DEFAULT CHARSET=utf8 COLLATE=utf8_unicode_ci;



# Dump of table country
# ------------------------------------------------------------

DROP TABLE IF EXISTS `country`;

CREATE TABLE `country` (
  `iso` varchar(2) COLLATE utf8_unicode_ci NOT NULL,
  `creator_id` varchar(36) COLLATE utf8_unicode_ci DEFAULT NULL,
  `updater_id` varchar(36) COLLATE utf8_unicode_ci DEFAULT NULL,
  `name` varchar(80) COLLATE utf8_unicode_ci NOT NULL,
  `printable_name` varchar(80) COLLATE utf8_unicode_ci NOT NULL,
  `iso3` varchar(3) COLLATE utf8_unicode_ci DEFAULT NULL,
  `num_code` int(11) DEFAULT NULL,
  `deleted` tinyint(1) NOT NULL,
  `created` datetime NOT NULL,
  `created_time_zone` int(11) DEFAULT NULL,
  `updated` datetime NOT NULL,
  `updated_time_zone` int(11) DEFAULT NULL,
  PRIMARY KEY (`iso`),
  KEY `IDX_5373C96661220EA6` (`creator_id`),
  KEY `IDX_5373C966E37ECFB0` (`updater_id`),
  CONSTRAINT `FK_5373C96661220EA6` FOREIGN KEY (`creator_id`) REFERENCES `user` (`id`),
  CONSTRAINT `FK_5373C966E37ECFB0` FOREIGN KEY (`updater_id`) REFERENCES `user` (`id`)
) ENGINE=InnoDB DEFAULT CHARSET=utf8 COLLATE=utf8_unicode_ci;

LOCK TABLES `country` WRITE;
/*!40000 ALTER TABLE `country` DISABLE KEYS */;

INSERT INTO `country` (`iso`, `creator_id`, `updater_id`, `name`, `printable_name`, `iso3`, `num_code`, `deleted`, `created`, `created_time_zone`, `updated`, `updated_time_zone`)
VALUES
	('AD',NULL,NULL,'ANDORRA','Andorra','AND',20,0,'2012-07-24 15:18:06',151,'2012-07-24 15:18:06',151),
	('AE',NULL,NULL,'UNITED ARAB EMIRATES','United Arab Emirates','ARE',784,0,'2012-07-24 15:18:06',151,'2012-07-24 15:18:06',151),
	('AF',NULL,NULL,'AFGHANISTAN','Afghanistan','AFG',4,0,'2012-07-24 15:18:06',151,'2012-07-24 15:18:06',151),
	('AG',NULL,NULL,'ANTIGUA AND BARBUDA','Antigua and Barbuda','ATG',28,0,'2012-07-24 15:18:06',151,'2012-07-24 15:18:06',151),
	('AI',NULL,NULL,'ANGUILLA','Anguilla','AIA',660,0,'2012-07-24 15:18:06',151,'2012-07-24 15:18:06',151),
	('AL',NULL,NULL,'ALBANIA','Albania','ALB',8,0,'2012-07-24 15:18:06',151,'2012-07-24 15:18:06',151),
	('AM',NULL,NULL,'ARMENIA','Armenia','ARM',51,0,'2012-07-24 15:18:06',151,'2012-07-24 15:18:06',151),
	('AN',NULL,NULL,'NETHERLANDS ANTILLES','Netherlands Antilles','ANT',530,0,'2012-07-24 15:18:06',151,'2012-07-24 15:18:06',151),
	('AO',NULL,NULL,'ANGOLA','Angola','AGO',24,0,'2012-07-24 15:18:06',151,'2012-07-24 15:18:06',151),
	('AQ',NULL,NULL,'ANTARCTICA','Antarctica','ATA',NULL,0,'2012-07-24 15:18:06',151,'2012-07-24 15:18:06',151),
	('AR',NULL,NULL,'ARGENTINA','Argentina','ARG',32,0,'2012-07-24 15:18:06',151,'2012-07-24 15:18:06',151),
	('AS',NULL,NULL,'AMERICAN SAMOA','American Samoa','ASM',16,0,'2012-07-24 15:18:06',151,'2012-07-24 15:18:06',151),
	('AT',NULL,NULL,'AUSTRIA','Austria','AUT',40,0,'2012-07-24 15:18:06',151,'2012-07-24 15:18:06',151),
	('AU',NULL,NULL,'AUSTRALIA','Australia','AUS',36,0,'2012-07-24 15:18:06',151,'2012-07-24 15:18:06',151),
	('AW',NULL,NULL,'ARUBA','Aruba','ABW',533,0,'2012-07-24 15:18:06',151,'2012-07-24 15:18:06',151),
	('AX',NULL,NULL,'Aruba','Aruba','ABW',NULL,0,'2012-07-24 15:18:06',151,'2012-07-24 15:18:06',151),
	('AZ',NULL,NULL,'AZERBAIJAN','Azerbaijan','AZE',31,0,'2012-07-24 15:18:06',151,'2012-07-24 15:18:06',151),
	('BA',NULL,NULL,'BOSNIA AND HERZEGOVINA','Bosnia and Herzegovina','BIH',70,0,'2012-07-24 15:18:06',151,'2012-07-24 15:18:06',151),
	('BB',NULL,NULL,'BARBADOS','Barbados','BRB',52,0,'2012-07-24 15:18:06',151,'2012-07-24 15:18:06',151),
	('BD',NULL,NULL,'BANGLADESH','Bangladesh','BGD',50,0,'2012-07-24 15:18:06',151,'2012-07-24 15:18:06',151),
	('BE',NULL,NULL,'BELGIUM','Belgium','BEL',56,0,'2012-07-24 15:18:06',151,'2012-07-24 15:18:06',151),
	('BF',NULL,NULL,'BURKINA FASO','Burkina Faso','BFA',854,0,'2012-07-24 15:18:06',151,'2012-07-24 15:18:06',151),
	('BG',NULL,NULL,'BULGARIA','Bulgaria','BGR',100,0,'2012-07-24 15:18:06',151,'2012-07-24 15:18:06',151),
	('BH',NULL,NULL,'BAHRAIN','Bahrain','BHR',48,0,'2012-07-24 15:18:06',151,'2012-07-24 15:18:06',151),
	('BI',NULL,NULL,'BURUNDI','Burundi','BDI',108,0,'2012-07-24 15:18:06',151,'2012-07-24 15:18:06',151),
	('BJ',NULL,NULL,'BENIN','Benin','BEN',204,0,'2012-07-24 15:18:06',151,'2012-07-24 15:18:06',151),
	('BL',NULL,NULL,'Benin','Benin','BEN',NULL,0,'2012-07-24 15:18:06',151,'2012-07-24 15:18:06',151),
	('BM',NULL,NULL,'BERMUDA','Bermuda','BMU',60,0,'2012-07-24 15:18:06',151,'2012-07-24 15:18:06',151),
	('BN',NULL,NULL,'BRUNEI DARUSSALAM','Brunei Darussalam','BRN',96,0,'2012-07-24 15:18:06',151,'2012-07-24 15:18:06',151),
	('BO',NULL,NULL,'BOLIVIA','Bolivia','BOL',68,0,'2012-07-24 15:18:06',151,'2012-07-24 15:18:06',151),
	('BR',NULL,NULL,'BRAZIL','Brazil','BRA',76,0,'2012-07-24 15:18:06',151,'2012-07-24 15:18:06',151),
	('BS',NULL,NULL,'BAHAMAS','Bahamas','BHS',44,0,'2012-07-24 15:18:06',151,'2012-07-24 15:18:06',151),
	('BT',NULL,NULL,'BHUTAN','Bhutan','BTN',64,0,'2012-07-24 15:18:06',151,'2012-07-24 15:18:06',151),
	('BU',NULL,NULL,'Bhutan','Bhutan','BTN',NULL,0,'2012-07-24 15:18:06',151,'2012-07-24 15:18:06',151),
	('BV',NULL,NULL,'BOUVET ISLAND','Bouvet Island','BVT',NULL,0,'2012-07-24 15:18:06',151,'2012-07-24 15:18:06',151),
	('BW',NULL,NULL,'BOTSWANA','Botswana','BWA',72,0,'2012-07-24 15:18:06',151,'2012-07-24 15:18:06',151),
	('BY',NULL,NULL,'BELARUS','Belarus','BLR',112,0,'2012-07-24 15:18:06',151,'2012-07-24 15:18:06',151),
	('BZ',NULL,NULL,'BELIZE','Belize','BLZ',84,0,'2012-07-24 15:18:06',151,'2012-07-24 15:18:06',151),
	('CA',NULL,NULL,'CANADA','Canada','CAN',124,0,'2012-07-24 15:18:06',151,'2012-07-24 15:18:06',151),
	('CC',NULL,NULL,'COCOS (KEELING) ISLANDS','Cocos (Keeling) Islands','CCK',NULL,0,'2012-07-24 15:18:06',151,'2012-07-24 15:18:06',151),
	('CD',NULL,NULL,'CONGO, THE DEMOCRATIC REPUBLIC OF THE','Congo, the Democratic Republic of the','COD',180,0,'2012-07-24 15:18:06',151,'2012-07-24 15:18:06',151),
	('CF',NULL,NULL,'CENTRAL AFRICAN REPUBLIC','Central African Republic','CAF',140,0,'2012-07-24 15:18:06',151,'2012-07-24 15:18:06',151),
	('CG',NULL,NULL,'CONGO','Congo','COG',178,0,'2012-07-24 15:18:06',151,'2012-07-24 15:18:06',151),
	('CH',NULL,NULL,'SWITZERLAND','Switzerland','CHE',756,0,'2012-07-24 15:18:06',151,'2012-07-24 15:18:06',151),
	('CI',NULL,NULL,'COTE D\'IVOIRE','Cote D\'Ivoire','CIV',384,0,'2012-07-24 15:18:06',151,'2012-07-24 15:18:06',151),
	('CK',NULL,NULL,'COOK ISLANDS','Cook Islands','COK',184,0,'2012-07-24 15:18:06',151,'2012-07-24 15:18:06',151),
	('CL',NULL,NULL,'CHILE','Chile','CHL',152,0,'2012-07-24 15:18:06',151,'2012-07-24 15:18:06',151),
	('CM',NULL,NULL,'CAMEROON','Cameroon','CMR',120,0,'2012-07-24 15:18:06',151,'2012-07-24 15:18:06',151),
	('CN',NULL,NULL,'CHINA','China','CHN',156,0,'2012-07-24 15:18:06',151,'2012-07-24 15:18:06',151),
	('CO',NULL,NULL,'COLOMBIA','Colombia','COL',170,0,'2012-07-24 15:18:06',151,'2012-07-24 15:18:06',151),
	('CR',NULL,NULL,'COSTA RICA','Costa Rica','CRI',188,0,'2012-07-24 15:18:06',151,'2012-07-24 15:18:06',151),
	('CS',NULL,NULL,'SERBIA AND MONTENEGRO','Serbia and Montenegro','SRB',NULL,0,'2012-07-24 15:18:06',151,'2012-07-24 15:18:06',151),
	('CT',NULL,NULL,'Czech Republic','Czech Republic','CZE',NULL,0,'2012-07-24 15:18:06',151,'2012-07-24 15:18:06',151),
	('CU',NULL,NULL,'CUBA','Cuba','CUB',192,0,'2012-07-24 15:18:06',151,'2012-07-24 15:18:06',151),
	('CV',NULL,NULL,'CAPE VERDE','Cape Verde','CPV',132,0,'2012-07-24 15:18:06',151,'2012-07-24 15:18:06',151),
	('CX',NULL,NULL,'CHRISTMAS ISLAND','Christmas Island','CXR',NULL,0,'2012-07-24 15:18:06',151,'2012-07-24 15:18:06',151),
	('CY',NULL,NULL,'CYPRUS','Cyprus','CYP',196,0,'2012-07-24 15:18:06',151,'2012-07-24 15:18:06',151),
	('CZ',NULL,NULL,'CZECH REPUBLIC','Czech Republic','CZE',203,0,'2012-07-24 15:18:06',151,'2012-07-24 15:18:06',151),
	('DE',NULL,NULL,'GERMANY','Germany','DEU',276,0,'2012-07-24 15:18:06',151,'2012-07-24 15:18:06',151),
	('DJ',NULL,NULL,'DJIBOUTI','Djibouti','DJI',262,0,'2012-07-24 15:18:06',151,'2012-07-24 15:18:06',151),
	('DK',NULL,NULL,'DENMARK','Denmark','DNK',208,0,'2012-07-24 15:18:06',151,'2012-07-24 15:18:06',151),
	('DM',NULL,NULL,'DOMINICA','Dominica','DMA',212,0,'2012-07-24 15:18:06',151,'2012-07-24 15:18:06',151),
	('DO',NULL,NULL,'DOMINICAN REPUBLIC','Dominican Republic','DOM',214,0,'2012-07-24 15:18:06',151,'2012-07-24 15:18:06',151),
	('DZ',NULL,NULL,'ALGERIA','Algeria','DZA',12,0,'2012-07-24 15:18:06',151,'2012-07-24 15:18:06',151),
	('EA',NULL,NULL,'Algeria','Algeria','DZA',NULL,0,'2012-07-24 15:18:06',151,'2012-07-24 15:18:06',151),
	('EC',NULL,NULL,'ECUADOR','Ecuador','ECU',218,0,'2012-07-24 15:18:06',151,'2012-07-24 15:18:06',151),
	('EE',NULL,NULL,'ESTONIA','Estonia','EST',233,0,'2012-07-24 15:18:06',151,'2012-07-24 15:18:06',151),
	('EG',NULL,NULL,'EGYPT','Egypt','EGY',818,0,'2012-07-24 15:18:06',151,'2012-07-24 15:18:06',151),
	('EH',NULL,NULL,'WESTERN SAHARA','Western Sahara','ESH',732,0,'2012-07-24 15:18:06',151,'2012-07-24 15:18:06',151),
	('ER',NULL,NULL,'ERITREA','Eritrea','ERI',232,0,'2012-07-24 15:18:06',151,'2012-07-24 15:18:06',151),
	('ES',NULL,NULL,'SPAIN','Spain','ESP',724,0,'2012-07-24 15:18:06',151,'2012-07-24 15:18:06',151),
	('ET',NULL,NULL,'ETHIOPIA','Ethiopia','ETH',231,0,'2012-07-24 15:18:06',151,'2012-07-24 15:18:06',151),
	('FI',NULL,NULL,'FINLAND','Finland','FIN',246,0,'2012-07-24 15:18:06',151,'2012-07-24 15:18:06',151),
	('FJ',NULL,NULL,'FIJI','Fiji','FJI',242,0,'2012-07-24 15:18:06',151,'2012-07-24 15:18:06',151),
	('FK',NULL,NULL,'FALKLAND ISLANDS (MALVINAS)','Falkland Islands (Malvinas)','FLK',238,0,'2012-07-24 15:18:06',151,'2012-07-24 15:18:06',151),
	('FM',NULL,NULL,'MICRONESIA, FEDERATED STATES OF','Micronesia, Federated States of','FSM',583,0,'2012-07-24 15:18:06',151,'2012-07-24 15:18:06',151),
	('FO',NULL,NULL,'FAROE ISLANDS','Faroe Islands','FRO',234,0,'2012-07-24 15:18:06',151,'2012-07-24 15:18:06',151),
	('FR',NULL,NULL,'FRANCE','France','FRA',250,0,'2012-07-24 15:18:06',151,'2012-07-24 15:18:06',151),
	('GA',NULL,NULL,'GABON','Gabon','GAB',266,0,'2012-07-24 15:18:06',151,'2012-07-24 15:18:06',151),
	('GB',NULL,NULL,'UNITED KINGDOM','United Kingdom','GBR',826,0,'2012-07-24 15:18:06',151,'2012-07-24 15:18:06',151),
	('GD',NULL,NULL,'GRENADA','Grenada','GRD',308,0,'2012-07-24 15:18:06',151,'2012-07-24 15:18:06',151),
	('GE',NULL,NULL,'GEORGIA','Georgia','GEO',268,0,'2012-07-24 15:18:06',151,'2012-07-24 15:18:06',151),
	('GF',NULL,NULL,'FRENCH GUIANA','French Guiana','GUF',254,0,'2012-07-24 15:18:06',151,'2012-07-24 15:18:06',151),
	('GG',NULL,NULL,'French Guiana','French Guiana','GUF',NULL,0,'2012-07-24 15:18:06',151,'2012-07-24 15:18:06',151),
	('GH',NULL,NULL,'GHANA','Ghana','GHA',288,0,'2012-07-24 15:18:06',151,'2012-07-24 15:18:06',151),
	('GI',NULL,NULL,'GIBRALTAR','Gibraltar','GIB',292,0,'2012-07-24 15:18:06',151,'2012-07-24 15:18:06',151),
	('GL',NULL,NULL,'GREENLAND','Greenland','GRL',304,0,'2012-07-24 15:18:06',151,'2012-07-24 15:18:06',151),
	('GM',NULL,NULL,'GAMBIA','Gambia','GMB',270,0,'2012-07-24 15:18:06',151,'2012-07-24 15:18:06',151),
	('GN',NULL,NULL,'GUINEA','Guinea','GIN',324,0,'2012-07-24 15:18:06',151,'2012-07-24 15:18:06',151),
	('GP',NULL,NULL,'GUADELOUPE','Guadeloupe','GLP',312,0,'2012-07-24 15:18:06',151,'2012-07-24 15:18:06',151),
	('GQ',NULL,NULL,'EQUATORIAL GUINEA','Equatorial Guinea','GNQ',226,0,'2012-07-24 15:18:06',151,'2012-07-24 15:18:06',151),
	('GR',NULL,NULL,'GREECE','Greece','GRC',300,0,'2012-07-24 15:18:06',151,'2012-07-24 15:18:06',151),
	('GS',NULL,NULL,'SOUTH GEORGIA AND THE SOUTH SANDWICH ISLANDS','South Georgia and the South Sandwich Islands','SGS',NULL,0,'2012-07-24 15:18:06',151,'2012-07-24 15:18:06',151),
	('GT',NULL,NULL,'GUATEMALA','Guatemala','GTM',320,0,'2012-07-24 15:18:06',151,'2012-07-24 15:18:06',151),
	('GU',NULL,NULL,'GUAM','Guam','GUM',316,0,'2012-07-24 15:18:06',151,'2012-07-24 15:18:06',151),
	('GW',NULL,NULL,'GUINEA-BISSAU','Guinea-Bissau','GNB',624,0,'2012-07-24 15:18:06',151,'2012-07-24 15:18:06',151),
	('GY',NULL,NULL,'GUYANA','Guyana','GUY',328,0,'2012-07-24 15:18:06',151,'2012-07-24 15:18:06',151),
	('HK',NULL,NULL,'HONG KONG','Hong Kong','HKG',344,0,'2012-07-24 15:18:06',151,'2012-07-24 15:18:06',151),
	('HM',NULL,NULL,'HEARD ISLAND AND MCDONALD ISLANDS','Heard Island and Mcdonald Islands','HMD',NULL,0,'2012-07-24 15:18:06',151,'2012-07-24 15:18:06',151),
	('HN',NULL,NULL,'HONDURAS','Honduras','HND',340,0,'2012-07-24 15:18:06',151,'2012-07-24 15:18:06',151),
	('HR',NULL,NULL,'CROATIA','Croatia','HRV',191,0,'2012-07-24 15:18:06',151,'2012-07-24 15:18:06',151),
	('HT',NULL,NULL,'HAITI','Haiti','HTI',332,0,'2012-07-24 15:18:06',151,'2012-07-24 15:18:06',151),
	('HU',NULL,NULL,'HUNGARY','Hungary','HUN',348,0,'2012-07-24 15:18:06',151,'2012-07-24 15:18:06',151),
	('ID',NULL,NULL,'INDONESIA','Indonesia','IDN',360,0,'2012-07-24 15:18:06',151,'2012-07-24 15:18:06',151),
	('IE',NULL,NULL,'IRELAND','Ireland','IRL',372,0,'2012-07-24 15:18:06',151,'2012-07-24 15:18:06',151),
	('IL',NULL,NULL,'ISRAEL','Israel','ISR',376,0,'2012-07-24 15:18:06',151,'2012-07-24 15:18:06',151),
	('IM',NULL,NULL,'Israel','Israel','ISR',NULL,0,'2012-07-24 15:18:06',151,'2012-07-24 15:18:06',151),
	('IN',NULL,NULL,'INDIA','India','IND',356,0,'2012-07-24 15:18:06',151,'2012-07-24 15:18:06',151),
	('IO',NULL,NULL,'BRITISH INDIAN OCEAN TERRITORY','British Indian Ocean Territory','IOT',NULL,0,'2012-07-24 15:18:06',151,'2012-07-24 15:18:06',151),
	('IQ',NULL,NULL,'IRAQ','Iraq','IRQ',368,0,'2012-07-24 15:18:06',151,'2012-07-24 15:18:06',151),
	('IR',NULL,NULL,'IRAN, ISLAMIC REPUBLIC OF','Iran, Islamic Republic of','IRN',364,0,'2012-07-24 15:18:06',151,'2012-07-24 15:18:06',151),
	('IS',NULL,NULL,'ICELAND','Iceland','ISL',352,0,'2012-07-24 15:18:06',151,'2012-07-24 15:18:06',151),
	('IT',NULL,NULL,'ITALY','Italy','ITA',380,0,'2012-07-24 15:18:06',151,'2012-07-24 15:18:06',151),
	('JM',NULL,NULL,'JAMAICA','Jamaica','JAM',388,0,'2012-07-24 15:18:06',151,'2012-07-24 15:18:06',151),
	('JO',NULL,NULL,'JORDAN','Jordan','JOR',400,0,'2012-07-24 15:18:06',151,'2012-07-24 15:18:06',151),
	('JP',NULL,NULL,'JAPAN','Japan','JPN',392,0,'2012-07-24 15:18:06',151,'2012-07-24 15:18:06',151),
	('KE',NULL,NULL,'KENYA','Kenya','KEN',404,0,'2012-07-24 15:18:06',151,'2012-07-24 15:18:06',151),
	('KG',NULL,NULL,'KYRGYZSTAN','Kyrgyzstan','KGZ',417,0,'2012-07-24 15:18:06',151,'2012-07-24 15:18:06',151),
	('KH',NULL,NULL,'CAMBODIA','Cambodia','KHM',116,0,'2012-07-24 15:18:06',151,'2012-07-24 15:18:06',151),
	('KI',NULL,NULL,'KIRIBATI','Kiribati','KIR',296,0,'2012-07-24 15:18:06',151,'2012-07-24 15:18:06',151),
	('KM',NULL,NULL,'COMOROS','Comoros','COM',174,0,'2012-07-24 15:18:06',151,'2012-07-24 15:18:06',151),
	('KN',NULL,NULL,'SAINT KITTS AND NEVIS','Saint Kitts and Nevis','KNA',659,0,'2012-07-24 15:18:06',151,'2012-07-24 15:18:06',151),
	('KP',NULL,NULL,'KOREA, DEMOCRATIC PEOPLE\'S REPUBLIC OF','Korea, Democratic People\'s Republic of','PRK',408,0,'2012-07-24 15:18:06',151,'2012-07-24 15:18:06',151),
	('KR',NULL,NULL,'KOREA, REPUBLIC OF','Korea, Republic of','KOR',410,0,'2012-07-24 15:18:06',151,'2012-07-24 15:18:06',151),
	('KW',NULL,NULL,'KUWAIT','Kuwait','KWT',414,0,'2012-07-24 15:18:06',151,'2012-07-24 15:18:06',151),
	('KY',NULL,NULL,'CAYMAN ISLANDS','Cayman Islands','CYM',136,0,'2012-07-24 15:18:06',151,'2012-07-24 15:18:06',151),
	('KZ',NULL,NULL,'KAZAKHSTAN','Kazakhstan','KAZ',398,0,'2012-07-24 15:18:06',151,'2012-07-24 15:18:06',151),
	('LA',NULL,NULL,'LAO PEOPLE\'S DEMOCRATIC REPUBLIC','Lao People\'s Democratic Republic','LAO',418,0,'2012-07-24 15:18:06',151,'2012-07-24 15:18:06',151),
	('LB',NULL,NULL,'LEBANON','Lebanon','LBN',422,0,'2012-07-24 15:18:06',151,'2012-07-24 15:18:06',151),
	('LC',NULL,NULL,'SAINT LUCIA','Saint Lucia','LCA',662,0,'2012-07-24 15:18:06',151,'2012-07-24 15:18:06',151),
	('LI',NULL,NULL,'LIECHTENSTEIN','Liechtenstein','LIE',438,0,'2012-07-24 15:18:06',151,'2012-07-24 15:18:06',151),
	('LK',NULL,NULL,'SRI LANKA','Sri Lanka','LKA',144,0,'2012-07-24 15:18:06',151,'2012-07-24 15:18:06',151),
	('LR',NULL,NULL,'LIBERIA','Liberia','LBR',430,0,'2012-07-24 15:18:06',151,'2012-07-24 15:18:06',151),
	('LS',NULL,NULL,'LESOTHO','Lesotho','LSO',426,0,'2012-07-24 15:18:06',151,'2012-07-24 15:18:06',151),
	('LT',NULL,NULL,'LITHUANIA','Lithuania','LTU',440,0,'2012-07-24 15:18:06',151,'2012-07-24 15:18:06',151),
	('LU',NULL,NULL,'LUXEMBOURG','Luxembourg','LUX',442,0,'2012-07-24 15:18:06',151,'2012-07-24 15:18:06',151),
	('LV',NULL,NULL,'LATVIA','Latvia','LVA',428,0,'2012-07-24 15:18:06',151,'2012-07-24 15:18:06',151),
	('LY',NULL,NULL,'LIBYAN ARAB JAMAHIRIYA','Libyan Arab Jamahiriya','LBY',434,0,'2012-07-24 15:18:06',151,'2012-07-24 15:18:06',151),
	('MA',NULL,NULL,'MOROCCO','Morocco','MAR',504,0,'2012-07-24 15:18:06',151,'2012-07-24 15:18:06',151),
	('MC',NULL,NULL,'MONACO','Monaco','MCO',492,0,'2012-07-24 15:18:06',151,'2012-07-24 15:18:06',151),
	('MD',NULL,NULL,'MOLDOVA, REPUBLIC OF','Moldova, Republic of','MDA',498,0,'2012-07-24 15:18:06',151,'2012-07-24 15:18:06',151),
	('ME',NULL,NULL,'Macedonia','Macedonia','MKD',NULL,0,'2012-07-24 15:18:06',151,'2012-07-24 15:18:06',151),
	('MF',NULL,NULL,'Montenegro','Montenegro','MNE',NULL,0,'2012-07-24 15:18:06',151,'2012-07-24 15:18:06',151),
	('MG',NULL,NULL,'MADAGASCAR','Madagascar','MDG',450,0,'2012-07-24 15:18:06',151,'2012-07-24 15:18:06',151),
	('MH',NULL,NULL,'MARSHALL ISLANDS','Marshall Islands','MHL',584,0,'2012-07-24 15:18:06',151,'2012-07-24 15:18:06',151),
	('MK',NULL,NULL,'MACEDONIA, THE FORMER YUGOSLAV REPUBLIC OF','Macedonia, the Former Yugoslav Republic of','MKD',807,0,'2012-07-24 15:18:06',151,'2012-07-24 15:18:06',151),
	('ML',NULL,NULL,'MALI','Mali','MLI',466,0,'2012-07-24 15:18:06',151,'2012-07-24 15:18:06',151),
	('MM',NULL,NULL,'MYANMAR','Myanmar','MMR',104,0,'2012-07-24 15:18:06',151,'2012-07-24 15:18:06',151),
	('MN',NULL,NULL,'MONGOLIA','Mongolia','MNG',496,0,'2012-07-24 15:18:06',151,'2012-07-24 15:18:06',151),
	('MO',NULL,NULL,'MACAO','Macao','MAC',446,0,'2012-07-24 15:18:06',151,'2012-07-24 15:18:06',151),
	('MP',NULL,NULL,'NORTHERN MARIANA ISLANDS','Northern Mariana Islands','MNP',580,0,'2012-07-24 15:18:06',151,'2012-07-24 15:18:06',151),
	('MQ',NULL,NULL,'MARTINIQUE','Martinique','MTQ',474,0,'2012-07-24 15:18:06',151,'2012-07-24 15:18:06',151),
	('MR',NULL,NULL,'MAURITANIA','Mauritania','MRT',478,0,'2012-07-24 15:18:06',151,'2012-07-24 15:18:06',151),
	('MS',NULL,NULL,'MONTSERRAT','Montserrat','MSR',500,0,'2012-07-24 15:18:06',151,'2012-07-24 15:18:06',151),
	('MT',NULL,NULL,'MALTA','Malta','MLT',470,0,'2012-07-24 15:18:06',151,'2012-07-24 15:18:06',151),
	('MU',NULL,NULL,'MAURITIUS','Mauritius','MUS',480,0,'2012-07-24 15:18:06',151,'2012-07-24 15:18:06',151),
	('MV',NULL,NULL,'MALDIVES','Maldives','MDV',462,0,'2012-07-24 15:18:06',151,'2012-07-24 15:18:06',151),
	('MW',NULL,NULL,'MALAWI','Malawi','MWI',454,0,'2012-07-24 15:18:06',151,'2012-07-24 15:18:06',151),
	('MX',NULL,NULL,'MEXICO','Mexico','MEX',484,0,'2012-07-24 15:18:06',151,'2012-07-24 15:18:06',151),
	('MY',NULL,NULL,'MALAYSIA','Malaysia','MYS',458,0,'2012-07-24 15:18:06',151,'2012-07-24 15:18:06',151),
	('MZ',NULL,NULL,'MOZAMBIQUE','Mozambique','MOZ',508,0,'2012-07-24 15:18:06',151,'2012-07-24 15:18:06',151),
	('NA',NULL,NULL,'NAMIBIA','Namibia','NAM',516,0,'2012-07-24 15:18:06',151,'2012-07-24 15:18:06',151),
	('NC',NULL,NULL,'NEW CALEDONIA','New Caledonia','NCL',540,0,'2012-07-24 15:18:06',151,'2012-07-24 15:18:06',151),
	('NE',NULL,NULL,'NIGER','Niger','NER',562,0,'2012-07-24 15:18:06',151,'2012-07-24 15:18:06',151),
	('NF',NULL,NULL,'NORFOLK ISLAND','Norfolk Island','NFK',574,0,'2012-07-24 15:18:06',151,'2012-07-24 15:18:06',151),
	('NG',NULL,NULL,'NIGERIA','Nigeria','NGA',566,0,'2012-07-24 15:18:06',151,'2012-07-24 15:18:06',151),
	('NI',NULL,NULL,'NICARAGUA','Nicaragua','NIC',558,0,'2012-07-24 15:18:06',151,'2012-07-24 15:18:06',151),
	('NL',NULL,NULL,'NETHERLANDS','Netherlands','NLD',528,0,'2012-07-24 15:18:06',151,'2012-07-24 15:18:06',151),
	('NN',NULL,NULL,'Netherlands','Netherlands','NLD',NULL,0,'2012-07-24 15:18:06',151,'2012-07-24 15:18:06',151),
	('NO',NULL,NULL,'NORWAY','Norway','NOR',578,0,'2012-07-24 15:18:06',151,'2012-07-24 15:18:06',151),
	('NP',NULL,NULL,'NEPAL','Nepal','NPL',524,0,'2012-07-24 15:18:06',151,'2012-07-24 15:18:06',151),
	('NR',NULL,NULL,'NAURU','Nauru','NRU',520,0,'2012-07-24 15:18:06',151,'2012-07-24 15:18:06',151),
	('NU',NULL,NULL,'NIUE','Niue','NIU',570,0,'2012-07-24 15:18:06',151,'2012-07-24 15:18:06',151),
	('NZ',NULL,NULL,'NEW ZEALAND','New Zealand','NZL',554,0,'2012-07-24 15:18:06',151,'2012-07-24 15:18:06',151),
	('OM',NULL,NULL,'OMAN','Oman','OMN',512,0,'2012-07-24 15:18:06',151,'2012-07-24 15:18:06',151),
	('PA',NULL,NULL,'PANAMA','Panama','PAN',591,0,'2012-07-24 15:18:06',151,'2012-07-24 15:18:06',151),
	('PE',NULL,NULL,'PERU','Peru','PER',604,0,'2012-07-24 15:18:06',151,'2012-07-24 15:18:06',151),
	('PF',NULL,NULL,'FRENCH POLYNESIA','French Polynesia','PYF',258,0,'2012-07-24 15:18:06',151,'2012-07-24 15:18:06',151),
	('PG',NULL,NULL,'PAPUA NEW GUINEA','Papua New Guinea','PNG',598,0,'2012-07-24 15:18:06',151,'2012-07-24 15:18:06',151),
	('PH',NULL,NULL,'PHILIPPINES','Philippines','PHL',608,0,'2012-07-24 15:18:06',151,'2012-07-24 15:18:06',151),
	('PK',NULL,NULL,'PAKISTAN','Pakistan','PAK',586,0,'2012-07-24 15:18:06',151,'2012-07-24 15:18:06',151),
	('PL',NULL,NULL,'POLAND','Poland','POL',616,0,'2012-07-24 15:18:06',151,'2012-07-24 15:18:06',151),
	('PM',NULL,NULL,'SAINT PIERRE AND MIQUELON','Saint Pierre and Miquelon','SPM',666,0,'2012-07-24 15:18:06',151,'2012-07-24 15:18:06',151),
	('PN',NULL,NULL,'PITCAIRN','Pitcairn','PCN',612,0,'2012-07-24 15:18:06',151,'2012-07-24 15:18:06',151),
	('PR',NULL,NULL,'PUERTO RICO','Puerto Rico','PRI',630,0,'2012-07-24 15:18:06',151,'2012-07-24 15:18:06',151),
	('PS',NULL,NULL,'PALESTINIAN TERRITORY, OCCUPIED','Palestinian Territory, Occupied','PSE',NULL,0,'2012-07-24 15:18:06',151,'2012-07-24 15:18:06',151),
	('PT',NULL,NULL,'PORTUGAL','Portugal','PRT',620,0,'2012-07-24 15:18:06',151,'2012-07-24 15:18:06',151),
	('PW',NULL,NULL,'PALAU','Palau','PLW',585,0,'2012-07-24 15:18:06',151,'2012-07-24 15:18:06',151),
	('PY',NULL,NULL,'PARAGUAY','Paraguay','PRY',600,0,'2012-07-24 15:18:06',151,'2012-07-24 15:18:06',151),
	('QA',NULL,NULL,'QATAR','Qatar','QAT',634,0,'2012-07-24 15:18:06',151,'2012-07-24 15:18:06',151),
	('RE',NULL,NULL,'REUNION','Reunion','REU',638,0,'2012-07-24 15:18:06',151,'2012-07-24 15:18:06',151),
	('RM',NULL,NULL,'Reunion','Reunion','REU',NULL,0,'2012-07-24 15:18:06',151,'2012-07-24 15:18:06',151),
	('RO',NULL,NULL,'ROMANIA','Romania','ROM',642,0,'2012-07-24 15:18:06',151,'2012-07-24 15:18:06',151),
	('RS',NULL,NULL,'Romania','Romania','ROU',NULL,0,'2012-07-24 15:18:06',151,'2012-07-24 15:18:06',151),
	('RU',NULL,NULL,'RUSSIAN FEDERATION','Russian Federation','RUS',643,0,'2012-07-24 15:18:06',151,'2012-07-24 15:18:06',151),
	('RW',NULL,NULL,'RWANDA','Rwanda','RWA',646,0,'2012-07-24 15:18:06',151,'2012-07-24 15:18:06',151),
	('SA',NULL,NULL,'SAUDI ARABIA','Saudi Arabia','SAU',682,0,'2012-07-24 15:18:06',151,'2012-07-24 15:18:06',151),
	('SB',NULL,NULL,'SOLOMON ISLANDS','Solomon Islands','SLB',90,0,'2012-07-24 15:18:06',151,'2012-07-24 15:18:06',151),
	('SC',NULL,NULL,'SEYCHELLES','Seychelles','SYC',690,0,'2012-07-24 15:18:06',151,'2012-07-24 15:18:06',151),
	('SD',NULL,NULL,'SUDAN','Sudan','SDN',736,0,'2012-07-24 15:18:06',151,'2012-07-24 15:18:06',151),
	('SE',NULL,NULL,'SWEDEN','Sweden','SWE',752,0,'2012-07-24 15:18:06',151,'2012-07-24 15:18:06',151),
	('SG',NULL,NULL,'SINGAPORE','Singapore','SGP',702,0,'2012-07-24 15:18:06',151,'2012-07-24 15:18:06',151),
	('SH',NULL,NULL,'SAINT HELENA','Saint Helena','SHN',654,0,'2012-07-24 15:18:06',151,'2012-07-24 15:18:06',151),
	('SI',NULL,NULL,'SLOVENIA','Slovenia','SVN',705,0,'2012-07-24 15:18:06',151,'2012-07-24 15:18:06',151),
	('SJ',NULL,NULL,'SVALBARD AND JAN MAYEN','Svalbard and Jan Mayen','SJM',744,0,'2012-07-24 15:18:06',151,'2012-07-24 15:18:06',151),
	('SK',NULL,NULL,'SLOVAKIA','Slovakia','SVK',703,0,'2012-07-24 15:18:06',151,'2012-07-24 15:18:06',151),
	('SL',NULL,NULL,'SIERRA LEONE','Sierra Leone','SLE',694,0,'2012-07-24 15:18:06',151,'2012-07-24 15:18:06',151),
	('SM',NULL,NULL,'SAN MARINO','San Marino','SMR',674,0,'2012-07-24 15:18:06',151,'2012-07-24 15:18:06',151),
	('SN',NULL,NULL,'SENEGAL','Senegal','SEN',686,0,'2012-07-24 15:18:06',151,'2012-07-24 15:18:06',151),
	('SO',NULL,NULL,'SOMALIA','Somalia','SOM',706,0,'2012-07-24 15:18:06',151,'2012-07-24 15:18:06',151),
	('SR',NULL,NULL,'SURINAME','Suriname','SUR',740,0,'2012-07-24 15:18:06',151,'2012-07-24 15:18:06',151),
	('ST',NULL,NULL,'SAO TOME AND PRINCIPE','Sao Tome and Principe','STP',678,0,'2012-07-24 15:18:06',151,'2012-07-24 15:18:06',151),
	('SU',NULL,NULL,'USSR','USSR','USR',NULL,0,'2012-07-24 15:18:06',151,'2012-07-24 15:18:06',151),
	('SV',NULL,NULL,'EL SALVADOR','El Salvador','SLV',222,0,'2012-07-24 15:18:06',151,'2012-07-24 15:18:06',151),
	('SY',NULL,NULL,'SYRIAN ARAB REPUBLIC','Syrian Arab Republic','SYR',760,0,'2012-07-24 15:18:06',151,'2012-07-24 15:18:06',151),
	('SZ',NULL,NULL,'SWAZILAND','Swaziland','SWZ',748,0,'2012-07-24 15:18:06',151,'2012-07-24 15:18:06',151),
	('TC',NULL,NULL,'TURKS AND CAICOS ISLANDS','Turks and Caicos Islands','TCA',796,0,'2012-07-24 15:18:06',151,'2012-07-24 15:18:06',151),
	('TD',NULL,NULL,'CHAD','Chad','TCD',148,0,'2012-07-24 15:18:06',151,'2012-07-24 15:18:06',151),
	('TF',NULL,NULL,'FRENCH SOUTHERN TERRITORIES','French Southern Territories','ATF',NULL,0,'2012-07-24 15:18:06',151,'2012-07-24 15:18:06',151),
	('TG',NULL,NULL,'TOGO','Togo','TGO',768,0,'2012-07-24 15:18:06',151,'2012-07-24 15:18:06',151),
	('TH',NULL,NULL,'THAILAND','Thailand','THA',764,0,'2012-07-24 15:18:06',151,'2012-07-24 15:18:06',151),
	('TJ',NULL,NULL,'TAJIKISTAN','Tajikistan','TJK',762,0,'2012-07-24 15:18:06',151,'2012-07-24 15:18:06',151),
	('TK',NULL,NULL,'TOKELAU','Tokelau','TKL',772,0,'2012-07-24 15:18:06',151,'2012-07-24 15:18:06',151),
	('TL',NULL,NULL,'TIMOR-LESTE','Timor-Leste','TLS',NULL,0,'2012-07-24 15:18:06',151,'2012-07-24 15:18:06',151),
	('TM',NULL,NULL,'TURKMENISTAN','Turkmenistan','TKM',795,0,'2012-07-24 15:18:06',151,'2012-07-24 15:18:06',151),
	('TN',NULL,NULL,'TUNISIA','Tunisia','TUN',788,0,'2012-07-24 15:18:06',151,'2012-07-24 15:18:06',151),
	('TO',NULL,NULL,'TONGA','Tonga','TON',776,0,'2012-07-24 15:18:06',151,'2012-07-24 15:18:06',151),
	('TR',NULL,NULL,'TURKEY','Turkey','TUR',792,0,'2012-07-24 15:18:06',151,'2012-07-24 15:18:06',151),
	('TT',NULL,NULL,'TRINIDAD AND TOBAGO','Trinidad and Tobago','TTO',780,0,'2012-07-24 15:18:06',151,'2012-07-24 15:18:06',151),
	('TV',NULL,NULL,'TUVALU','Tuvalu','TUV',798,0,'2012-07-24 15:18:06',151,'2012-07-24 15:18:06',151),
	('TW',NULL,NULL,'TAIWAN, PROVINCE OF CHINA','Taiwan, Province of China','TWN',158,0,'2012-07-24 15:18:06',151,'2012-07-24 15:18:06',151),
	('TZ',NULL,NULL,'TANZANIA, UNITED REPUBLIC OF','Tanzania, United Republic of','TZA',834,0,'2012-07-24 15:18:06',151,'2012-07-24 15:18:06',151),
	('UA',NULL,NULL,'UKRAINE','Ukraine','UKR',804,0,'2012-07-24 15:18:06',151,'2012-07-24 15:18:06',151),
	('UG',NULL,NULL,'UGANDA','Uganda','UGA',800,0,'2012-07-24 15:18:06',151,'2012-07-24 15:18:06',151),
	('UK',NULL,NULL,'United Kingdom','United Kingdom','GBR',NULL,0,'2012-07-24 15:18:06',151,'2012-07-24 15:18:06',151),
	('UM',NULL,NULL,'UNITED STATES MINOR OUTLYING ISLANDS','United States Minor Outlying Islands','UMI',NULL,0,'2012-07-24 15:18:06',151,'2012-07-24 15:18:06',151),
	('US',NULL,NULL,'UNITED STATES','United States','USA',840,0,'2012-07-24 15:18:06',151,'2012-07-24 15:18:06',151),
	('UY',NULL,NULL,'URUGUAY','Uruguay','URY',858,0,'2012-07-24 15:18:06',151,'2012-07-24 15:18:06',151),
	('UZ',NULL,NULL,'UZBEKISTAN','Uzbekistan','UZB',860,0,'2012-07-24 15:18:06',151,'2012-07-24 15:18:06',151),
	('VA',NULL,NULL,'HOLY SEE (VATICAN CITY STATE)','Holy See (Vatican City State)','VAT',336,0,'2012-07-24 15:18:06',151,'2012-07-24 15:18:06',151),
	('VC',NULL,NULL,'SAINT VINCENT AND THE GRENADINES','Saint Vincent and the Grenadines','VCT',670,0,'2012-07-24 15:18:06',151,'2012-07-24 15:18:06',151),
	('VE',NULL,NULL,'VENEZUELA','Venezuela','VEN',862,0,'2012-07-24 15:18:06',151,'2012-07-24 15:18:06',151),
	('VG',NULL,NULL,'VIRGIN ISLANDS, BRITISH','Virgin Islands, British','VGB',92,0,'2012-07-24 15:18:06',151,'2012-07-24 15:18:06',151),
	('VI',NULL,NULL,'VIRGIN ISLANDS, U.S.','Virgin Islands, U.s.','VIR',850,0,'2012-07-24 15:18:06',151,'2012-07-24 15:18:06',151),
	('VN',NULL,NULL,'VIET NAM','Viet Nam','VNM',704,0,'2012-07-24 15:18:06',151,'2012-07-24 15:18:06',151),
	('VU',NULL,NULL,'VANUATU','Vanuatu','VUT',548,0,'2012-07-24 15:18:06',151,'2012-07-24 15:18:06',151),
	('WF',NULL,NULL,'WALLIS AND FUTUNA','Wallis and Futuna','WLF',876,0,'2012-07-24 15:18:06',151,'2012-07-24 15:18:06',151),
	('WS',NULL,NULL,'SAMOA','Samoa','WSM',882,0,'2012-07-24 15:18:06',151,'2012-07-24 15:18:06',151),
	('YE',NULL,NULL,'YEMEN','Yemen','YEM',887,0,'2012-07-24 15:18:06',151,'2012-07-24 15:18:06',151),
	('YT',NULL,NULL,'MAYOTTE','Mayotte','MYT',NULL,0,'2012-07-24 15:18:06',151,'2012-07-24 15:18:06',151),
	('YU',NULL,NULL,'Yugoslavia','Yugoslavia','YUG',NULL,0,'2012-07-24 15:18:06',151,'2012-07-24 15:18:06',151),
	('ZA',NULL,NULL,'SOUTH AFRICA','South Africa','ZAF',710,0,'2012-07-24 15:18:06',151,'2012-07-24 15:18:06',151),
	('ZM',NULL,NULL,'ZAMBIA','Zambia','ZMB',894,0,'2012-07-24 15:18:06',151,'2012-07-24 15:18:06',151),
	('ZR',NULL,NULL,'Zaire','Zaire','ZAR',NULL,0,'2012-07-24 15:18:06',151,'2012-07-24 15:18:06',151),
	('ZW',NULL,NULL,'ZIMBABWE','Zimbabwe','ZWE',716,0,'2012-07-24 15:18:06',151,'2012-07-24 15:18:06',151);

/*!40000 ALTER TABLE `country` ENABLE KEYS */;
UNLOCK TABLES;


# Dump of table customer
# ------------------------------------------------------------

DROP TABLE IF EXISTS `customer`;

CREATE TABLE `customer` (
  `id` varchar(36) COLLATE utf8_unicode_ci NOT NULL,
  `name` varchar(255) COLLATE utf8_unicode_ci NOT NULL,
  `phone` varchar(50) COLLATE utf8_unicode_ci NOT NULL,
  `mobile` varchar(50) COLLATE utf8_unicode_ci NOT NULL,
  `fax` varchar(50) COLLATE utf8_unicode_ci NOT NULL,
  `company_name` varchar(100) COLLATE utf8_unicode_ci DEFAULT NULL,
  `web_site` varchar(255) COLLATE utf8_unicode_ci DEFAULT NULL,
  `account_number` varchar(100) COLLATE utf8_unicode_ci DEFAULT NULL,
  `billing_location_id` varchar(36) COLLATE utf8_unicode_ci DEFAULT NULL,
  `shipping_location_id` varchar(36) COLLATE utf8_unicode_ci DEFAULT NULL,
  `tax` float DEFAULT NULL,
  `discount` float DEFAULT NULL,
  `bank_account` varchar(255) COLLATE utf8_unicode_ci NOT NULL,
  `bank_account_name` varchar(255) COLLATE utf8_unicode_ci NOT NULL,
  `batch_payments_details` varchar(255) COLLATE utf8_unicode_ci NOT NULL,
  `out_standing` double NOT NULL,
  `over_due` double NOT NULL,
  `company_id` varchar(36) COLLATE utf8_unicode_ci DEFAULT NULL,
  `deleted` datetime DEFAULT NULL,
  `creator_id` varchar(36) COLLATE utf8_unicode_ci DEFAULT NULL,
  `created` datetime NOT NULL,
  `created_time_zone` int(11) DEFAULT NULL,
  `updater_id` varchar(36) COLLATE utf8_unicode_ci DEFAULT NULL,
  `updated` datetime NOT NULL,
  `updated_time_zone` int(11) DEFAULT NULL,
  PRIMARY KEY (`id`),
  KEY `IDX_81398E0961220EA6` (`creator_id`),
  KEY `IDX_81398E09E37ECFB0` (`updater_id`),
  KEY `billing_location_id` (`billing_location_id`),
  KEY `shipping_location_id` (`shipping_location_id`),
  KEY `company_id` (`company_id`),
  CONSTRAINT `FK_81398E0961220EA0` FOREIGN KEY (`creator_id`) REFERENCES `user` (`id`) ON DELETE NO ACTION ON UPDATE NO ACTION,
  CONSTRAINT `FK_81398E0961220EA1` FOREIGN KEY (`billing_location_id`) REFERENCES `location` (`id`) ON DELETE NO ACTION ON UPDATE NO ACTION,
  CONSTRAINT `FK_81398E0961220EA2` FOREIGN KEY (`shipping_location_id`) REFERENCES `location` (`id`) ON DELETE NO ACTION ON UPDATE NO ACTION,
  CONSTRAINT `FK_81398E09E37ECFB0` FOREIGN KEY (`updater_id`) REFERENCES `user` (`id`),
  CONSTRAINT `81398E0961220EA3` FOREIGN KEY (`company_id`) REFERENCES `company` (`id`) ON DELETE NO ACTION ON UPDATE NO ACTION
) ENGINE=InnoDB DEFAULT CHARSET=utf8 COLLATE=utf8_unicode_ci;

LOCK TABLES `customer` WRITE;
/*!40000 ALTER TABLE `customer` DISABLE KEYS */;

INSERT INTO `customer` (`id`, `name`, `phone`, `mobile`, `fax`, `company_name`, `web_site`, `account_number`, `billing_location_id`, `shipping_location_id`, `tax`, `discount`, `bank_account`, `bank_account_name`, `batch_payments_details`, `out_standing`, `over_due`, `company_id`, `deleted`, `creator_id`, `created`, `created_time_zone`, `updater_id`, `updated`, `updated_time_zone`)
VALUES
	('652dc9ba-5000-44b6-878c-09531038354e','Alberto','23432','234324','23423',NULL,NULL,NULL,NULL,NULL,NULL,NULL,'','','',0,0,NULL,NULL,'5fbec591-acc8-49fe-a44e-46c59cae99f9','2015-02-21 16:19:04',0,'5fbec591-acc8-49fe-a44e-46c59cae99f9','2015-02-21 16:19:04',0),
	('cabed239-219d-4d6f-8c4b-e8f1bdae4995','Orlando','1458','4583688','3187781',NULL,NULL,NULL,NULL,NULL,NULL,NULL,'','','',0,0,NULL,NULL,'5fbec591-acc8-49fe-a44e-46c59cae99f9','2015-02-21 21:11:52',0,'5fbec591-acc8-49fe-a44e-46c59cae99f9','2015-02-21 16:15:51',0),
	('ebddd294-4f56-46a1-abe5-f18ec560e6e9','Raul','457245635','35843843','3843734151',NULL,NULL,NULL,NULL,NULL,NULL,NULL,'','','',0,0,NULL,NULL,'5fbec591-acc8-49fe-a44e-46c59cae99f9','2015-02-21 21:16:58',0,'5fbec591-acc8-49fe-a44e-46c59cae99f9','2015-02-21 16:18:13',0);

/*!40000 ALTER TABLE `customer` ENABLE KEYS */;
UNLOCK TABLES;


# Dump of table document
# ------------------------------------------------------------

DROP TABLE IF EXISTS `document`;

CREATE TABLE `document` (
  `id` varchar(36) COLLATE utf8_unicode_ci NOT NULL,
  `type_id` varchar(36) COLLATE utf8_unicode_ci DEFAULT NULL,
  `creator_id` varchar(36) COLLATE utf8_unicode_ci DEFAULT NULL,
  `updater_id` varchar(36) COLLATE utf8_unicode_ci DEFAULT NULL,
  `name` varchar(255) COLLATE utf8_unicode_ci NOT NULL,
  `description` varchar(255) COLLATE utf8_unicode_ci DEFAULT NULL,
  `file_path` varchar(255) COLLATE utf8_unicode_ci DEFAULT NULL,
  `file_name` varchar(50) COLLATE utf8_unicode_ci DEFAULT NULL,
  `mime_type` varchar(25) COLLATE utf8_unicode_ci NOT NULL,
  `date` datetime NOT NULL,
  `date_time_zone` int(11) DEFAULT NULL,
  `deleted` datetime DEFAULT NULL,
  `authority_id` varchar(36) COLLATE utf8_unicode_ci NOT NULL,
  `hash` varchar(36) COLLATE utf8_unicode_ci NOT NULL,
  `created` datetime NOT NULL,
  `created_time_zone` int(11) DEFAULT NULL,
  `updated` datetime NOT NULL,
  `updated_time_zone` int(11) DEFAULT NULL,
  `company_id` varchar(36) COLLATE utf8_unicode_ci DEFAULT NULL,
  PRIMARY KEY (`id`),
  KEY `IDX_D8698A76C54C8C93` (`type_id`),
  KEY `IDX_D8698A7661220EA6` (`creator_id`),
  KEY `IDX_D8698A76E37ECFB0` (`updater_id`),
  KEY `IDX_D8698A7632C8A3DE` (`company_id`),
  CONSTRAINT `FK_D8698A7632C8A3DE` FOREIGN KEY (`company_id`) REFERENCES `company` (`id`),
  CONSTRAINT `FK_D8698A7661220EA6` FOREIGN KEY (`creator_id`) REFERENCES `user` (`id`),
  CONSTRAINT `FK_D8698A76C54C8C93` FOREIGN KEY (`type_id`) REFERENCES `document_type` (`id`),
  CONSTRAINT `FK_D8698A76E37ECFB0` FOREIGN KEY (`updater_id`) REFERENCES `user` (`id`)
) ENGINE=InnoDB DEFAULT CHARSET=utf8 COLLATE=utf8_unicode_ci;



# Dump of table document_category
# ------------------------------------------------------------

DROP TABLE IF EXISTS `document_category`;

CREATE TABLE `document_category` (
  `id` varchar(36) COLLATE utf8_unicode_ci NOT NULL,
  `company_id` varchar(36) COLLATE utf8_unicode_ci DEFAULT NULL,
  `parent_id` varchar(36) COLLATE utf8_unicode_ci DEFAULT NULL,
  `creator_id` varchar(36) COLLATE utf8_unicode_ci DEFAULT NULL,
  `updater_id` varchar(36) COLLATE utf8_unicode_ci DEFAULT NULL,
  `name` varchar(255) COLLATE utf8_unicode_ci NOT NULL,
  `deleted` tinyint(1) NOT NULL,
  `created` datetime NOT NULL,
  `created_time_zone` int(11) DEFAULT NULL,
  `updated` datetime NOT NULL,
  `updated_time_zone` int(11) DEFAULT NULL,
  PRIMARY KEY (`id`),
  KEY `IDX_898DE89832C8A3DE` (`company_id`),
  KEY `IDX_898DE898727ACA70` (`parent_id`),
  KEY `IDX_898DE89861220EA6` (`creator_id`),
  KEY `IDX_898DE898E37ECFB0` (`updater_id`),
  CONSTRAINT `FK_898DE89832C8A3DE` FOREIGN KEY (`company_id`) REFERENCES `company` (`id`),
  CONSTRAINT `FK_898DE89861220EA6` FOREIGN KEY (`creator_id`) REFERENCES `user` (`id`),
  CONSTRAINT `FK_898DE898727ACA70` FOREIGN KEY (`parent_id`) REFERENCES `document_category` (`id`),
  CONSTRAINT `FK_898DE898E37ECFB0` FOREIGN KEY (`updater_id`) REFERENCES `user` (`id`)
) ENGINE=InnoDB DEFAULT CHARSET=utf8 COLLATE=utf8_unicode_ci;



# Dump of table document_folder
# ------------------------------------------------------------

DROP TABLE IF EXISTS `document_folder`;

CREATE TABLE `document_folder` (
  `id` varchar(36) COLLATE utf8_unicode_ci NOT NULL,
  `company_id` varchar(36) COLLATE utf8_unicode_ci DEFAULT NULL,
  `parent_id` varchar(36) COLLATE utf8_unicode_ci DEFAULT NULL,
  `creator_id` varchar(36) COLLATE utf8_unicode_ci DEFAULT NULL,
  `updater_id` varchar(36) COLLATE utf8_unicode_ci DEFAULT NULL,
  `name` varchar(255) COLLATE utf8_unicode_ci NOT NULL,
  `description` varchar(255) COLLATE utf8_unicode_ci DEFAULT NULL,
  `deleted` tinyint(1) NOT NULL,
  `can_be_deleted` tinyint(1) NOT NULL,
  `created` datetime NOT NULL,
  `created_time_zone` int(11) DEFAULT NULL,
  `updated` datetime NOT NULL,
  `updated_time_zone` int(11) DEFAULT NULL,
  PRIMARY KEY (`id`),
  KEY `IDX_52C0B8AB979B1AD6` (`company_id`),
  KEY `IDX_52C0B8AB727ACA70` (`parent_id`),
  KEY `IDX_52C0B8AB61220EA6` (`creator_id`),
  KEY `IDX_52C0B8ABE37ECFB0` (`updater_id`),
  CONSTRAINT `FK_52C0B8AB61220EA6` FOREIGN KEY (`creator_id`) REFERENCES `user` (`id`),
  CONSTRAINT `FK_52C0B8AB727ACA70` FOREIGN KEY (`parent_id`) REFERENCES `document_folder` (`id`),
  CONSTRAINT `FK_52C0B8AB979B1AD6` FOREIGN KEY (`company_id`) REFERENCES `company` (`id`),
  CONSTRAINT `FK_52C0B8ABE37ECFB0` FOREIGN KEY (`updater_id`) REFERENCES `user` (`id`)
) ENGINE=InnoDB DEFAULT CHARSET=utf8 COLLATE=utf8_unicode_ci;



# Dump of table document_metadata
# ------------------------------------------------------------

DROP TABLE IF EXISTS `document_metadata`;

CREATE TABLE `document_metadata` (
  `id` varchar(36) COLLATE utf8_unicode_ci NOT NULL,
  `document_id` varchar(36) COLLATE utf8_unicode_ci DEFAULT NULL,
  `question_id` varchar(36) COLLATE utf8_unicode_ci DEFAULT NULL,
  `input_id` varchar(36) COLLATE utf8_unicode_ci DEFAULT NULL,
  `creator_id` varchar(36) COLLATE utf8_unicode_ci DEFAULT NULL,
  `updater_id` varchar(36) COLLATE utf8_unicode_ci DEFAULT NULL,
  `string_answer` varchar(255) COLLATE utf8_unicode_ci DEFAULT NULL,
  `numeric_answer` decimal(10,2) DEFAULT NULL,
  `dateAnswer` date DEFAULT NULL,
  `dateAnswerTimeZone` int(11) DEFAULT NULL,
  `textAnswer` longtext COLLATE utf8_unicode_ci,
  `deleted` tinyint(1) NOT NULL,
  `created` datetime NOT NULL,
  `created_time_zone` int(11) DEFAULT NULL,
  `updated` datetime NOT NULL,
  `updated_time_zone` int(11) DEFAULT NULL,
  PRIMARY KEY (`id`),
  KEY `IDX_C0D5C54DC33F7837` (`document_id`),
  KEY `IDX_C0D5C54D1E27F6BF` (`question_id`),
  KEY `IDX_C0D5C54D36421AD6` (`input_id`),
  KEY `IDX_C0D5C54D61220EA6` (`creator_id`),
  KEY `IDX_C0D5C54DE37ECFB0` (`updater_id`),
  CONSTRAINT `FK_C0D5C54D1E27F6BF` FOREIGN KEY (`question_id`) REFERENCES `question` (`id`),
  CONSTRAINT `FK_C0D5C54D36421AD6` FOREIGN KEY (`input_id`) REFERENCES `question_input` (`id`),
  CONSTRAINT `FK_C0D5C54D61220EA6` FOREIGN KEY (`creator_id`) REFERENCES `user` (`id`),
  CONSTRAINT `FK_C0D5C54DC33F7837` FOREIGN KEY (`document_id`) REFERENCES `document` (`id`),
  CONSTRAINT `FK_C0D5C54DE37ECFB0` FOREIGN KEY (`updater_id`) REFERENCES `user` (`id`)
) ENGINE=InnoDB DEFAULT CHARSET=utf8 COLLATE=utf8_unicode_ci;



# Dump of table document_type
# ------------------------------------------------------------

DROP TABLE IF EXISTS `document_type`;

CREATE TABLE `document_type` (
  `id` varchar(36) COLLATE utf8_unicode_ci NOT NULL,
  `creator_id` varchar(36) COLLATE utf8_unicode_ci DEFAULT NULL,
  `updater_id` varchar(36) COLLATE utf8_unicode_ci DEFAULT NULL,
  `name` varchar(255) COLLATE utf8_unicode_ci NOT NULL,
  `name_id` varchar(50) COLLATE utf8_unicode_ci NOT NULL,
  `description` varchar(255) COLLATE utf8_unicode_ci DEFAULT NULL,
  `deleted` datetime DEFAULT NULL,
  `created` datetime NOT NULL,
  `created_time_zone` int(11) DEFAULT NULL,
  `updated` datetime NOT NULL,
  `updated_time_zone` int(11) DEFAULT NULL,
  `question_set_id` varchar(36) COLLATE utf8_unicode_ci DEFAULT NULL,
  PRIMARY KEY (`id`),
  KEY `IDX_2B6ADBBAAD84F5B6` (`question_set_id`),
  KEY `IDX_2B6ADBBA61220EA6` (`creator_id`),
  KEY `IDX_2B6ADBBAE37ECFB0` (`updater_id`),
  CONSTRAINT `FK_2B6ADBBA61220EA6` FOREIGN KEY (`creator_id`) REFERENCES `user` (`id`),
  CONSTRAINT `FK_2B6ADBBAAD84F5B6` FOREIGN KEY (`question_set_id`) REFERENCES `question_set` (`id`),
  CONSTRAINT `FK_2B6ADBBAE37ECFB0` FOREIGN KEY (`updater_id`) REFERENCES `user` (`id`)
) ENGINE=InnoDB DEFAULT CHARSET=utf8 COLLATE=utf8_unicode_ci;

LOCK TABLES `document_type` WRITE;
/*!40000 ALTER TABLE `document_type` DISABLE KEYS */;

INSERT INTO `document_type` (`id`, `creator_id`, `updater_id`, `name`, `name_id`, `description`, `deleted`, `created`, `created_time_zone`, `updated`, `updated_time_zone`, `question_set_id`)
VALUES
	('19191426-eb9c-11e1-bf95-386077cf6cc5',NULL,NULL,'General','GENERAL','General',NULL,'2012-08-21 14:25:46',151,'2012-08-21 14:25:46',151,NULL);

/*!40000 ALTER TABLE `document_type` ENABLE KEYS */;
UNLOCK TABLES;


# Dump of table document_type_folder
# ------------------------------------------------------------

DROP TABLE IF EXISTS `document_type_folder`;

CREATE TABLE `document_type_folder` (
  `id` varchar(36) COLLATE utf8_unicode_ci NOT NULL,
  `company_id` varchar(36) COLLATE utf8_unicode_ci DEFAULT NULL,
  `creator_id` varchar(36) COLLATE utf8_unicode_ci DEFAULT NULL,
  `updater_id` varchar(36) COLLATE utf8_unicode_ci DEFAULT NULL,
  `deleted` tinyint(1) NOT NULL,
  `created` datetime NOT NULL,
  `created_time_zone` int(11) DEFAULT NULL,
  `updated` datetime NOT NULL,
  `updated_time_zone` int(11) DEFAULT NULL,
  `documentType_id` varchar(36) COLLATE utf8_unicode_ci DEFAULT NULL,
  `documentFolder_id` varchar(36) COLLATE utf8_unicode_ci DEFAULT NULL,
  PRIMARY KEY (`id`),
  UNIQUE KEY `document_type` (`company_id`,`documentType_id`),
  KEY `IDX_4DDC559F979B1AD6` (`company_id`),
  KEY `IDX_4DDC559F4DA0E3EA` (`documentType_id`),
  KEY `IDX_4DDC559F35DC8FD8` (`documentFolder_id`),
  KEY `IDX_4DDC559F61220EA6` (`creator_id`),
  KEY `IDX_4DDC559FE37ECFB0` (`updater_id`),
  CONSTRAINT `FK_4DDC559F35DC8FD8` FOREIGN KEY (`documentFolder_id`) REFERENCES `document_folder` (`id`),
  CONSTRAINT `FK_4DDC559F4DA0E3EA` FOREIGN KEY (`documentType_id`) REFERENCES `document_type` (`id`),
  CONSTRAINT `FK_4DDC559F61220EA6` FOREIGN KEY (`creator_id`) REFERENCES `user` (`id`),
  CONSTRAINT `FK_4DDC559F979B1AD6` FOREIGN KEY (`company_id`) REFERENCES `company` (`id`),
  CONSTRAINT `FK_4DDC559FE37ECFB0` FOREIGN KEY (`updater_id`) REFERENCES `user` (`id`)
) ENGINE=InnoDB DEFAULT CHARSET=utf8 COLLATE=utf8_unicode_ci;



# Dump of table goose_db_version
# ------------------------------------------------------------

DROP TABLE IF EXISTS `goose_db_version`;

CREATE TABLE `goose_db_version` (
  `id` bigint(20) unsigned NOT NULL AUTO_INCREMENT,
  `version_id` bigint(20) NOT NULL,
  `is_applied` tinyint(1) NOT NULL,
  `tstamp` timestamp NULL DEFAULT CURRENT_TIMESTAMP,
  PRIMARY KEY (`id`),
  UNIQUE KEY `id` (`id`)
) ENGINE=InnoDB DEFAULT CHARSET=latin1;

LOCK TABLES `goose_db_version` WRITE;
/*!40000 ALTER TABLE `goose_db_version` DISABLE KEYS */;

INSERT INTO `goose_db_version` (`id`, `version_id`, `is_applied`, `tstamp`)
VALUES
	(1,0,1,'2015-03-12 21:54:18'),
	(2,20150129000634,1,'2015-03-12 21:54:28'),
	(3,20150129000634,0,'2015-03-12 21:55:47'),
	(4,20150129000634,1,'2015-03-12 21:55:49'),
	(5,20150301154634,1,'2015-03-12 21:55:52'),
	(6,20150301154634,0,'2015-03-12 22:04:51'),
	(7,20150129000634,0,'2015-03-12 22:05:02'),
	(8,20150129000634,1,'2015-03-12 22:05:02'),
	(9,20150129000634,0,'2015-03-12 22:05:05'),
	(10,20150129000634,1,'2015-03-12 22:05:09'),
	(11,20150301154634,1,'2015-03-12 22:05:12'),
	(12,20150301154634,0,'2015-03-12 22:07:56'),
	(13,20150129000634,0,'2015-03-12 22:07:59'),
	(14,20150129000634,1,'2015-03-12 22:08:05'),
	(15,20150301154634,1,'2015-03-12 22:08:08');

/*!40000 ALTER TABLE `goose_db_version` ENABLE KEYS */;
UNLOCK TABLES;


# Dump of table group
# ------------------------------------------------------------

DROP TABLE IF EXISTS `group`;

CREATE TABLE `group` (
  `id` varchar(36) COLLATE utf8_unicode_ci NOT NULL,
  `creator_id` varchar(36) COLLATE utf8_unicode_ci DEFAULT NULL,
  `updater_id` varchar(36) COLLATE utf8_unicode_ci DEFAULT NULL,
  `name` varchar(50) COLLATE utf8_unicode_ci NOT NULL,
  `description` varchar(255) COLLATE utf8_unicode_ci DEFAULT NULL,
  `homepage` varchar(255) COLLATE utf8_unicode_ci DEFAULT NULL,
  `email` varchar(70) COLLATE utf8_unicode_ci DEFAULT NULL,
  `name_id` varchar(70) COLLATE utf8_unicode_ci DEFAULT NULL,
  `contactable` tinyint(1) DEFAULT NULL,
  `deleted` datetime DEFAULT NULL,
  `created` datetime NOT NULL,
  `created_time_zone` int(11) DEFAULT NULL,
  `updated` datetime NOT NULL,
  `updated_time_zone` int(11) DEFAULT NULL,
  PRIMARY KEY (`id`),
  KEY `IDX_4A64781761220EA6` (`creator_id`),
  KEY `IDX_4A647817E37ECFB0` (`updater_id`),
  CONSTRAINT `FK_4A64781761220EA6` FOREIGN KEY (`creator_id`) REFERENCES `user` (`id`),
  CONSTRAINT `FK_4A647817E37ECFB0` FOREIGN KEY (`updater_id`) REFERENCES `user` (`id`)
) ENGINE=InnoDB DEFAULT CHARSET=utf8 COLLATE=utf8_unicode_ci;

LOCK TABLES `group` WRITE;
/*!40000 ALTER TABLE `group` DISABLE KEYS */;

INSERT INTO `group` (`id`, `creator_id`, `updater_id`, `name`, `description`, `homepage`, `email`, `name_id`, `contactable`, `deleted`, `created`, `created_time_zone`, `updated`, `updated_time_zone`)
VALUES
	('2a1e8ff1-c134-413b-bbc1-0f41da9a1613',NULL,NULL,'Administrators','sdsa','index,Index,Dashboard','rolian85@gmail.com','ADMINISTRATORS',NULL,NULL,'2012-07-24 15:18:18',151,'2014-09-13 01:25:33',151),
	('3a12ec14-24df-4926-8b5a-bbd5ff8f2a97',NULL,NULL,'Users','','index,Index,Dashboard','','USERS',1,NULL,'2012-07-24 15:18:18',151,'2013-04-29 17:01:59',310);

/*!40000 ALTER TABLE `group` ENABLE KEYS */;
UNLOCK TABLES;


# Dump of table industry
# ------------------------------------------------------------

DROP TABLE IF EXISTS `industry`;

CREATE TABLE `industry` (
  `id` varchar(36) COLLATE utf8_unicode_ci NOT NULL,
  `code` int(11) DEFAULT NULL,
  `group` varchar(80) COLLATE utf8_unicode_ci NOT NULL,
  `description` varchar(255) COLLATE utf8_unicode_ci NOT NULL,
  `deleted` datetime DEFAULT NULL,
  `creator_id` varchar(36) COLLATE utf8_unicode_ci DEFAULT NULL,
  `updater_id` varchar(36) COLLATE utf8_unicode_ci DEFAULT NULL,
  `created` datetime NOT NULL,
  `created_time_zone` int(11) DEFAULT NULL,
  `updated` datetime NOT NULL,
  `updated_time_zone` int(11) DEFAULT NULL,
  PRIMARY KEY (`id`),
  KEY `IDX_5373C96661220EA1` (`creator_id`),
  KEY `IDX_5373C966E37ECFB2` (`updater_id`),
  CONSTRAINT `FK_5373C96661220EA1` FOREIGN KEY (`creator_id`) REFERENCES `user` (`id`),
  CONSTRAINT `FK_5373C966E37ECFB2` FOREIGN KEY (`updater_id`) REFERENCES `user` (`id`)
) ENGINE=InnoDB DEFAULT CHARSET=utf8 COLLATE=utf8_unicode_ci;

LOCK TABLES `industry` WRITE;
/*!40000 ALTER TABLE `industry` DISABLE KEYS */;

INSERT INTO `industry` (`id`, `code`, `group`, `description`, `deleted`, `creator_id`, `updater_id`, `created`, `created_time_zone`, `updated`, `updated_time_zone`)
VALUES
	('85337627-bd6e-11e4-bc2b-a088694cea32',65,'agr','Dairy','0000-00-00 00:00:00','5fbec591-acc8-49fe-a44e-46c59cae99f9','5fbec591-acc8-49fe-a44e-46c59cae99f9','2015-02-25 00:00:00',NULL,'2015-02-25 00:00:00',NULL),
	('e6b77efa-2401-11e4-b266-c7d6ddce73d4',94,'man tech tran','Airlines/Aviation','0000-00-00 00:00:00','5fbec591-acc8-49fe-a44e-46c59cae99f9','5fbec591-acc8-49fe-a44e-46c59cae99f9','2015-02-25 00:00:00',NULL,'2015-02-25 00:00:00',NULL),
	('e6b780c6-2401-11e4-b266-c7d6ddce73d4',120,'leg org','Alternative Dispute Resolution','0000-00-00 00:00:00','5fbec591-acc8-49fe-a44e-46c59cae99f9','5fbec591-acc8-49fe-a44e-46c59cae99f9','2015-02-25 00:00:00',NULL,'2015-02-25 00:00:00',NULL),
	('e6b7818e-2401-11e4-b266-c7d6ddce73d4',125,'hlth','Alternative Medicine','0000-00-00 00:00:00','5fbec591-acc8-49fe-a44e-46c59cae99f9','5fbec591-acc8-49fe-a44e-46c59cae99f9','2015-02-25 00:00:00',NULL,'2015-02-25 00:00:00',NULL),
	('e6b781de-2401-11e4-b266-c7d6ddce73d4',127,'art med','Animation','0000-00-00 00:00:00','5fbec591-acc8-49fe-a44e-46c59cae99f9','5fbec591-acc8-49fe-a44e-46c59cae99f9','2015-02-25 00:00:00',NULL,'2015-02-25 00:00:00',NULL),
	('e6b78224-2401-11e4-b266-c7d6ddce73d4',19,'good','Apparel & Fashion','0000-00-00 00:00:00','5fbec591-acc8-49fe-a44e-46c59cae99f9','5fbec591-acc8-49fe-a44e-46c59cae99f9','2015-02-25 00:00:00',NULL,'2015-02-25 00:00:00',NULL),
	('e6b78292-2401-11e4-b266-c7d6ddce73d4',50,'cons','Architecture & Planning','0000-00-00 00:00:00','5fbec591-acc8-49fe-a44e-46c59cae99f9','5fbec591-acc8-49fe-a44e-46c59cae99f9','2015-02-25 00:00:00',NULL,'2015-02-25 00:00:00',NULL),
	('e6b782f6-2401-11e4-b266-c7d6ddce73d4',111,'art med rec','Arts and Crafts','0000-00-00 00:00:00','5fbec591-acc8-49fe-a44e-46c59cae99f9','5fbec591-acc8-49fe-a44e-46c59cae99f9','2015-02-25 00:00:00',NULL,'2015-02-25 00:00:00',NULL),
	('e6b78350-2401-11e4-b266-c7d6ddce73d4',53,'man','Automotive','0000-00-00 00:00:00','5fbec591-acc8-49fe-a44e-46c59cae99f9','5fbec591-acc8-49fe-a44e-46c59cae99f9','2015-02-25 00:00:00',NULL,'2015-02-25 00:00:00',NULL),
	('e6b783aa-2401-11e4-b266-c7d6ddce73d4',52,'gov man','Aviation & Aerospace','0000-00-00 00:00:00','5fbec591-acc8-49fe-a44e-46c59cae99f9','5fbec591-acc8-49fe-a44e-46c59cae99f9','2015-02-25 00:00:00',NULL,'2015-02-25 00:00:00',NULL),
	('e6b783e6-2401-11e4-b266-c7d6ddce73d4',41,'fin','Banking','0000-00-00 00:00:00','5fbec591-acc8-49fe-a44e-46c59cae99f9','5fbec591-acc8-49fe-a44e-46c59cae99f9','2015-02-25 00:00:00',NULL,'2015-02-25 00:00:00',NULL),
	('e6b78422-2401-11e4-b266-c7d6ddce73d4',12,'gov hlth tech','Biotechnology','0000-00-00 00:00:00','5fbec591-acc8-49fe-a44e-46c59cae99f9','5fbec591-acc8-49fe-a44e-46c59cae99f9','2015-02-25 00:00:00',NULL,'2015-02-25 00:00:00',NULL),
	('e6b7845e-2401-11e4-b266-c7d6ddce73d4',36,'med rec','Broadcast Media','0000-00-00 00:00:00','5fbec591-acc8-49fe-a44e-46c59cae99f9','5fbec591-acc8-49fe-a44e-46c59cae99f9','2015-02-25 00:00:00',NULL,'2015-02-25 00:00:00',NULL),
	('e6b78490-2401-11e4-b266-c7d6ddce73d4',49,'cons','Building Materials','0000-00-00 00:00:00','5fbec591-acc8-49fe-a44e-46c59cae99f9','5fbec591-acc8-49fe-a44e-46c59cae99f9','2015-02-25 00:00:00',NULL,'2015-02-25 00:00:00',NULL),
	('e6b784cc-2401-11e4-b266-c7d6ddce73d4',138,'corp man','Business Supplies and Equipment','0000-00-00 00:00:00','5fbec591-acc8-49fe-a44e-46c59cae99f9','5fbec591-acc8-49fe-a44e-46c59cae99f9','2015-02-25 00:00:00',NULL,'2015-02-25 00:00:00',NULL),
	('e6b78508-2401-11e4-b266-c7d6ddce73d4',129,'fin','Capital Markets','0000-00-00 00:00:00','5fbec591-acc8-49fe-a44e-46c59cae99f9','5fbec591-acc8-49fe-a44e-46c59cae99f9','2015-02-25 00:00:00',NULL,'2015-02-25 00:00:00',NULL),
	('e6b78544-2401-11e4-b266-c7d6ddce73d4',54,'man','Chemicals','0000-00-00 00:00:00','5fbec591-acc8-49fe-a44e-46c59cae99f9','5fbec591-acc8-49fe-a44e-46c59cae99f9','2015-02-25 00:00:00',NULL,'2015-02-25 00:00:00',NULL),
	('e6b78576-2401-11e4-b266-c7d6ddce73d4',90,'org serv','Civic & Social Organization','0000-00-00 00:00:00','5fbec591-acc8-49fe-a44e-46c59cae99f9','5fbec591-acc8-49fe-a44e-46c59cae99f9','2015-02-25 00:00:00',NULL,'2015-02-25 00:00:00',NULL),
	('e6b785bc-2401-11e4-b266-c7d6ddce73d4',51,'cons gov','Civil Engineering','0000-00-00 00:00:00','5fbec591-acc8-49fe-a44e-46c59cae99f9','5fbec591-acc8-49fe-a44e-46c59cae99f9','2015-02-25 00:00:00',NULL,'2015-02-25 00:00:00',NULL),
	('e6b785ee-2401-11e4-b266-c7d6ddce73d4',128,'cons corp fin','Commercial Real Estate','0000-00-00 00:00:00','5fbec591-acc8-49fe-a44e-46c59cae99f9','5fbec591-acc8-49fe-a44e-46c59cae99f9','2015-02-25 00:00:00',NULL,'2015-02-25 00:00:00',NULL),
	('e6b7862a-2401-11e4-b266-c7d6ddce73d4',118,'tech','Computer & Network Security','0000-00-00 00:00:00','5fbec591-acc8-49fe-a44e-46c59cae99f9','5fbec591-acc8-49fe-a44e-46c59cae99f9','2015-02-25 00:00:00',NULL,'2015-02-25 00:00:00',NULL),
	('e6b791e2-2401-11e4-b266-c7d6ddce73d4',109,'med rec','Computer Games','0000-00-00 00:00:00','5fbec591-acc8-49fe-a44e-46c59cae99f9','5fbec591-acc8-49fe-a44e-46c59cae99f9','2015-02-25 00:00:00',NULL,'2015-02-25 00:00:00',NULL),
	('e6b79264-2401-11e4-b266-c7d6ddce73d4',3,'tech','Computer Hardware','0000-00-00 00:00:00','5fbec591-acc8-49fe-a44e-46c59cae99f9','5fbec591-acc8-49fe-a44e-46c59cae99f9','2015-02-25 00:00:00',NULL,'2015-02-25 00:00:00',NULL),
	('e6b792a0-2401-11e4-b266-c7d6ddce73d4',5,'tech','Computer Networking','0000-00-00 00:00:00','5fbec591-acc8-49fe-a44e-46c59cae99f9','5fbec591-acc8-49fe-a44e-46c59cae99f9','2015-02-25 00:00:00',NULL,'2015-02-25 00:00:00',NULL),
	('e6b792dc-2401-11e4-b266-c7d6ddce73d4',4,'tech','Computer Software','0000-00-00 00:00:00','5fbec591-acc8-49fe-a44e-46c59cae99f9','5fbec591-acc8-49fe-a44e-46c59cae99f9','2015-02-25 00:00:00',NULL,'2015-02-25 00:00:00',NULL),
	('e6b79318-2401-11e4-b266-c7d6ddce73d4',48,'cons','Construction','0000-00-00 00:00:00','5fbec591-acc8-49fe-a44e-46c59cae99f9','5fbec591-acc8-49fe-a44e-46c59cae99f9','2015-02-25 00:00:00',NULL,'2015-02-25 00:00:00',NULL),
	('e6b79354-2401-11e4-b266-c7d6ddce73d4',24,'good man','Consumer Electronics','0000-00-00 00:00:00','5fbec591-acc8-49fe-a44e-46c59cae99f9','5fbec591-acc8-49fe-a44e-46c59cae99f9','2015-02-25 00:00:00',NULL,'2015-02-25 00:00:00',NULL),
	('e6b793cc-2401-11e4-b266-c7d6ddce73d4',25,'good man','Consumer Goods','0000-00-00 00:00:00','5fbec591-acc8-49fe-a44e-46c59cae99f9','5fbec591-acc8-49fe-a44e-46c59cae99f9','2015-02-25 00:00:00',NULL,'2015-02-25 00:00:00',NULL),
	('e6b79408-2401-11e4-b266-c7d6ddce73d4',91,'org serv','Consumer Services','0000-00-00 00:00:00','5fbec591-acc8-49fe-a44e-46c59cae99f9','5fbec591-acc8-49fe-a44e-46c59cae99f9','2015-02-25 00:00:00',NULL,'2015-02-25 00:00:00',NULL),
	('e6b79444-2401-11e4-b266-c7d6ddce73d4',18,'good','Cosmetics','0000-00-00 00:00:00','5fbec591-acc8-49fe-a44e-46c59cae99f9','5fbec591-acc8-49fe-a44e-46c59cae99f9','2015-02-25 00:00:00',NULL,'2015-02-25 00:00:00',NULL),
	('e6b794bc-2401-11e4-b266-c7d6ddce73d4',1,'gov tech','Defense & Space','0000-00-00 00:00:00','5fbec591-acc8-49fe-a44e-46c59cae99f9','5fbec591-acc8-49fe-a44e-46c59cae99f9','2015-02-25 00:00:00',NULL,'2015-02-25 00:00:00',NULL),
	('e6b794f8-2401-11e4-b266-c7d6ddce73d4',99,'art med','Design','0000-00-00 00:00:00','5fbec591-acc8-49fe-a44e-46c59cae99f9','5fbec591-acc8-49fe-a44e-46c59cae99f9','2015-02-25 00:00:00',NULL,'2015-02-25 00:00:00',NULL),
	('e6b79534-2401-11e4-b266-c7d6ddce73d4',69,'edu','Education Management','0000-00-00 00:00:00','5fbec591-acc8-49fe-a44e-46c59cae99f9','5fbec591-acc8-49fe-a44e-46c59cae99f9','2015-02-25 00:00:00',NULL,'2015-02-25 00:00:00',NULL),
	('e6b79566-2401-11e4-b266-c7d6ddce73d4',132,'edu org','E-Learning','0000-00-00 00:00:00','5fbec591-acc8-49fe-a44e-46c59cae99f9','5fbec591-acc8-49fe-a44e-46c59cae99f9','2015-02-25 00:00:00',NULL,'2015-02-25 00:00:00',NULL),
	('e6b795a2-2401-11e4-b266-c7d6ddce73d4',112,'good man','Electrical/Electronic Manufacturing','0000-00-00 00:00:00','5fbec591-acc8-49fe-a44e-46c59cae99f9','5fbec591-acc8-49fe-a44e-46c59cae99f9','2015-02-25 00:00:00',NULL,'2015-02-25 00:00:00',NULL),
	('e6b795de-2401-11e4-b266-c7d6ddce73d4',28,'med rec','Entertainment','0000-00-00 00:00:00','5fbec591-acc8-49fe-a44e-46c59cae99f9','5fbec591-acc8-49fe-a44e-46c59cae99f9','2015-02-25 00:00:00',NULL,'2015-02-25 00:00:00',NULL),
	('e6b7961a-2401-11e4-b266-c7d6ddce73d4',86,'org serv','Environmental Services','0000-00-00 00:00:00','5fbec591-acc8-49fe-a44e-46c59cae99f9','5fbec591-acc8-49fe-a44e-46c59cae99f9','2015-02-25 00:00:00',NULL,'2015-02-25 00:00:00',NULL),
	('e6b79656-2401-11e4-b266-c7d6ddce73d4',110,'corp rec serv','Events Services','0000-00-00 00:00:00','5fbec591-acc8-49fe-a44e-46c59cae99f9','5fbec591-acc8-49fe-a44e-46c59cae99f9','2015-02-25 00:00:00',NULL,'2015-02-25 00:00:00',NULL),
	('e6b79692-2401-11e4-b266-c7d6ddce73d4',76,'gov','Executive Office','0000-00-00 00:00:00','5fbec591-acc8-49fe-a44e-46c59cae99f9','5fbec591-acc8-49fe-a44e-46c59cae99f9','2015-02-25 00:00:00',NULL,'2015-02-25 00:00:00',NULL),
	('e6b796c4-2401-11e4-b266-c7d6ddce73d4',122,'corp serv','Facilities Services','0000-00-00 00:00:00','5fbec591-acc8-49fe-a44e-46c59cae99f9','5fbec591-acc8-49fe-a44e-46c59cae99f9','2015-02-25 00:00:00',NULL,'2015-02-25 00:00:00',NULL),
	('e6b79700-2401-11e4-b266-c7d6ddce73d4',63,'agr','Farming','0000-00-00 00:00:00','5fbec591-acc8-49fe-a44e-46c59cae99f9','5fbec591-acc8-49fe-a44e-46c59cae99f9','2015-02-25 00:00:00',NULL,'2015-02-25 00:00:00',NULL),
	('e6b79732-2401-11e4-b266-c7d6ddce73d4',43,'fin','Financial Services','0000-00-00 00:00:00','5fbec591-acc8-49fe-a44e-46c59cae99f9','5fbec591-acc8-49fe-a44e-46c59cae99f9','2015-02-25 00:00:00',NULL,'2015-02-25 00:00:00',NULL),
	('e6b7976e-2401-11e4-b266-c7d6ddce73d4',38,'art med rec','Fine Art','0000-00-00 00:00:00','5fbec591-acc8-49fe-a44e-46c59cae99f9','5fbec591-acc8-49fe-a44e-46c59cae99f9','2015-02-25 00:00:00',NULL,'2015-02-25 00:00:00',NULL),
	('e6b797aa-2401-11e4-b266-c7d6ddce73d4',66,'agr','Fishery','0000-00-00 00:00:00','5fbec591-acc8-49fe-a44e-46c59cae99f9','5fbec591-acc8-49fe-a44e-46c59cae99f9','2015-02-25 00:00:00',NULL,'2015-02-25 00:00:00',NULL),
	('e6b797e6-2401-11e4-b266-c7d6ddce73d4',34,'rec serv','Food & Beverages','0000-00-00 00:00:00','5fbec591-acc8-49fe-a44e-46c59cae99f9','5fbec591-acc8-49fe-a44e-46c59cae99f9','2015-02-25 00:00:00',NULL,'2015-02-25 00:00:00',NULL),
	('e6b79818-2401-11e4-b266-c7d6ddce73d4',23,'good man serv','Food Production','0000-00-00 00:00:00','5fbec591-acc8-49fe-a44e-46c59cae99f9','5fbec591-acc8-49fe-a44e-46c59cae99f9','2015-02-25 00:00:00',NULL,'2015-02-25 00:00:00',NULL),
	('e6b79854-2401-11e4-b266-c7d6ddce73d4',101,'org','Fund-Raising','0000-00-00 00:00:00','5fbec591-acc8-49fe-a44e-46c59cae99f9','5fbec591-acc8-49fe-a44e-46c59cae99f9','2015-02-25 00:00:00',NULL,'2015-02-25 00:00:00',NULL),
	('e6b79886-2401-11e4-b266-c7d6ddce73d4',26,'good man','Furniture','0000-00-00 00:00:00','5fbec591-acc8-49fe-a44e-46c59cae99f9','5fbec591-acc8-49fe-a44e-46c59cae99f9','2015-02-25 00:00:00',NULL,'2015-02-25 00:00:00',NULL),
	('e6b798c2-2401-11e4-b266-c7d6ddce73d4',29,'rec','Gambling & Casinos','0000-00-00 00:00:00','5fbec591-acc8-49fe-a44e-46c59cae99f9','5fbec591-acc8-49fe-a44e-46c59cae99f9','2015-02-25 00:00:00',NULL,'2015-02-25 00:00:00',NULL),
	('e6b798f4-2401-11e4-b266-c7d6ddce73d4',145,'cons man','Glass, Ceramics & Concrete','0000-00-00 00:00:00','5fbec591-acc8-49fe-a44e-46c59cae99f9','5fbec591-acc8-49fe-a44e-46c59cae99f9','2015-02-25 00:00:00',NULL,'2015-02-25 00:00:00',NULL),
	('e6b7e908-2401-11e4-b266-c7d6ddce73d4',75,'gov','Government Administration','0000-00-00 00:00:00','5fbec591-acc8-49fe-a44e-46c59cae99f9','5fbec591-acc8-49fe-a44e-46c59cae99f9','2015-02-25 00:00:00',NULL,'2015-02-25 00:00:00',NULL),
	('e6b7e9d0-2401-11e4-b266-c7d6ddce73d4',148,'gov','Government Relations','0000-00-00 00:00:00','5fbec591-acc8-49fe-a44e-46c59cae99f9','5fbec591-acc8-49fe-a44e-46c59cae99f9','2015-02-25 00:00:00',NULL,'2015-02-25 00:00:00',NULL),
	('e6b7ea16-2401-11e4-b266-c7d6ddce73d4',140,'art med','Graphic Design','0000-00-00 00:00:00','5fbec591-acc8-49fe-a44e-46c59cae99f9','5fbec591-acc8-49fe-a44e-46c59cae99f9','2015-02-25 00:00:00',NULL,'2015-02-25 00:00:00',NULL),
	('e6b7ea52-2401-11e4-b266-c7d6ddce73d4',124,'hlth rec','Health, Wellness and Fitness','0000-00-00 00:00:00','5fbec591-acc8-49fe-a44e-46c59cae99f9','5fbec591-acc8-49fe-a44e-46c59cae99f9','2015-02-25 00:00:00',NULL,'2015-02-25 00:00:00',NULL),
	('e6b7ea8e-2401-11e4-b266-c7d6ddce73d4',68,'edu','Higher Education','0000-00-00 00:00:00','5fbec591-acc8-49fe-a44e-46c59cae99f9','5fbec591-acc8-49fe-a44e-46c59cae99f9','2015-02-25 00:00:00',NULL,'2015-02-25 00:00:00',NULL),
	('e6b7eaca-2401-11e4-b266-c7d6ddce73d4',14,'hlth','Hospital & Health Care','0000-00-00 00:00:00','5fbec591-acc8-49fe-a44e-46c59cae99f9','5fbec591-acc8-49fe-a44e-46c59cae99f9','2015-02-25 00:00:00',NULL,'2015-02-25 00:00:00',NULL),
	('e6b7eb06-2401-11e4-b266-c7d6ddce73d4',31,'rec serv tran','Hospitality','0000-00-00 00:00:00','5fbec591-acc8-49fe-a44e-46c59cae99f9','5fbec591-acc8-49fe-a44e-46c59cae99f9','2015-02-25 00:00:00',NULL,'2015-02-25 00:00:00',NULL),
	('e6b7eb38-2401-11e4-b266-c7d6ddce73d4',137,'corp','Human Resources','0000-00-00 00:00:00','5fbec591-acc8-49fe-a44e-46c59cae99f9','5fbec591-acc8-49fe-a44e-46c59cae99f9','2015-02-25 00:00:00',NULL,'2015-02-25 00:00:00',NULL),
	('e6b7eb74-2401-11e4-b266-c7d6ddce73d4',134,'corp good tran','Import and Export','0000-00-00 00:00:00','5fbec591-acc8-49fe-a44e-46c59cae99f9','5fbec591-acc8-49fe-a44e-46c59cae99f9','2015-02-25 00:00:00',NULL,'2015-02-25 00:00:00',NULL),
	('e6b7ebb0-2401-11e4-b266-c7d6ddce73d4',88,'org serv','Individual & Family Services','0000-00-00 00:00:00','5fbec591-acc8-49fe-a44e-46c59cae99f9','5fbec591-acc8-49fe-a44e-46c59cae99f9','2015-02-25 00:00:00',NULL,'2015-02-25 00:00:00',NULL),
	('e6b7ec14-2401-11e4-b266-c7d6ddce73d4',147,'cons man','Industrial Automation','0000-00-00 00:00:00','5fbec591-acc8-49fe-a44e-46c59cae99f9','5fbec591-acc8-49fe-a44e-46c59cae99f9','2015-02-25 00:00:00',NULL,'2015-02-25 00:00:00',NULL),
	('e6b7ec50-2401-11e4-b266-c7d6ddce73d4',84,'med serv','Information Services','0000-00-00 00:00:00','5fbec591-acc8-49fe-a44e-46c59cae99f9','5fbec591-acc8-49fe-a44e-46c59cae99f9','2015-02-25 00:00:00',NULL,'2015-02-25 00:00:00',NULL),
	('e6b7ec8c-2401-11e4-b266-c7d6ddce73d4',96,'tech','Information Technology and Services','0000-00-00 00:00:00','5fbec591-acc8-49fe-a44e-46c59cae99f9','5fbec591-acc8-49fe-a44e-46c59cae99f9','2015-02-25 00:00:00',NULL,'2015-02-25 00:00:00',NULL),
	('e6b7ecbe-2401-11e4-b266-c7d6ddce73d4',42,'fin','Insurance','0000-00-00 00:00:00','5fbec591-acc8-49fe-a44e-46c59cae99f9','5fbec591-acc8-49fe-a44e-46c59cae99f9','2015-02-25 00:00:00',NULL,'2015-02-25 00:00:00',NULL),
	('e6b7ecfa-2401-11e4-b266-c7d6ddce73d4',74,'gov','International Affairs','0000-00-00 00:00:00','5fbec591-acc8-49fe-a44e-46c59cae99f9','5fbec591-acc8-49fe-a44e-46c59cae99f9','2015-02-25 00:00:00',NULL,'2015-02-25 00:00:00',NULL),
	('e6b7ed36-2401-11e4-b266-c7d6ddce73d4',141,'gov org tran','International Trade and Development','0000-00-00 00:00:00','5fbec591-acc8-49fe-a44e-46c59cae99f9','5fbec591-acc8-49fe-a44e-46c59cae99f9','2015-02-25 00:00:00',NULL,'2015-02-25 00:00:00',NULL),
	('e6b7ed68-2401-11e4-b266-c7d6ddce73d4',6,'tech','Internet','0000-00-00 00:00:00','5fbec591-acc8-49fe-a44e-46c59cae99f9','5fbec591-acc8-49fe-a44e-46c59cae99f9','2015-02-25 00:00:00',NULL,'2015-02-25 00:00:00',NULL),
	('e6b7eda4-2401-11e4-b266-c7d6ddce73d4',45,'fin','Investment Banking','0000-00-00 00:00:00','5fbec591-acc8-49fe-a44e-46c59cae99f9','5fbec591-acc8-49fe-a44e-46c59cae99f9','2015-02-25 00:00:00',NULL,'2015-02-25 00:00:00',NULL),
	('e6b7ede0-2401-11e4-b266-c7d6ddce73d4',46,'fin','Investment Management','0000-00-00 00:00:00','5fbec591-acc8-49fe-a44e-46c59cae99f9','5fbec591-acc8-49fe-a44e-46c59cae99f9','2015-02-25 00:00:00',NULL,'2015-02-25 00:00:00',NULL),
	('e6b7ee12-2401-11e4-b266-c7d6ddce73d4',73,'gov leg','Judiciary','0000-00-00 00:00:00','5fbec591-acc8-49fe-a44e-46c59cae99f9','5fbec591-acc8-49fe-a44e-46c59cae99f9','2015-02-25 00:00:00',NULL,'2015-02-25 00:00:00',NULL),
	('e6b7ee4e-2401-11e4-b266-c7d6ddce73d4',77,'gov leg','Law Enforcement','0000-00-00 00:00:00','5fbec591-acc8-49fe-a44e-46c59cae99f9','5fbec591-acc8-49fe-a44e-46c59cae99f9','2015-02-25 00:00:00',NULL,'2015-02-25 00:00:00',NULL),
	('e6b7ee80-2401-11e4-b266-c7d6ddce73d4',9,'leg','Law Practice','0000-00-00 00:00:00','5fbec591-acc8-49fe-a44e-46c59cae99f9','5fbec591-acc8-49fe-a44e-46c59cae99f9','2015-02-25 00:00:00',NULL,'2015-02-25 00:00:00',NULL),
	('e6b7eebc-2401-11e4-b266-c7d6ddce73d4',10,'leg','Legal Services','0000-00-00 00:00:00','5fbec591-acc8-49fe-a44e-46c59cae99f9','5fbec591-acc8-49fe-a44e-46c59cae99f9','2015-02-25 00:00:00',NULL,'2015-02-25 00:00:00',NULL),
	('e6b7eef8-2401-11e4-b266-c7d6ddce73d4',72,'gov leg','Legislative Office','0000-00-00 00:00:00','5fbec591-acc8-49fe-a44e-46c59cae99f9','5fbec591-acc8-49fe-a44e-46c59cae99f9','2015-02-25 00:00:00',NULL,'2015-02-25 00:00:00',NULL),
	('e6b7ef2a-2401-11e4-b266-c7d6ddce73d4',30,'rec serv tran','Leisure, Travel & Tourism','0000-00-00 00:00:00','5fbec591-acc8-49fe-a44e-46c59cae99f9','5fbec591-acc8-49fe-a44e-46c59cae99f9','2015-02-25 00:00:00',NULL,'2015-02-25 00:00:00',NULL),
	('e6b7ef66-2401-11e4-b266-c7d6ddce73d4',85,'med rec serv','Libraries','0000-00-00 00:00:00','5fbec591-acc8-49fe-a44e-46c59cae99f9','5fbec591-acc8-49fe-a44e-46c59cae99f9','2015-02-25 00:00:00',NULL,'2015-02-25 00:00:00',NULL),
	('e6b7efa2-2401-11e4-b266-c7d6ddce73d4',116,'corp tran','Logistics and Supply Chain','0000-00-00 00:00:00','5fbec591-acc8-49fe-a44e-46c59cae99f9','5fbec591-acc8-49fe-a44e-46c59cae99f9','2015-02-25 00:00:00',NULL,'2015-02-25 00:00:00',NULL),
	('e6b7efd4-2401-11e4-b266-c7d6ddce73d4',143,'good','Luxury Goods & Jewelry','0000-00-00 00:00:00','5fbec591-acc8-49fe-a44e-46c59cae99f9','5fbec591-acc8-49fe-a44e-46c59cae99f9','2015-02-25 00:00:00',NULL,'2015-02-25 00:00:00',NULL),
	('e6b7f010-2401-11e4-b266-c7d6ddce73d4',55,'man','Machinery','0000-00-00 00:00:00','5fbec591-acc8-49fe-a44e-46c59cae99f9','5fbec591-acc8-49fe-a44e-46c59cae99f9','2015-02-25 00:00:00',NULL,'2015-02-25 00:00:00',NULL),
	('e6b7f042-2401-11e4-b266-c7d6ddce73d4',11,'corp','Management Consulting','0000-00-00 00:00:00','5fbec591-acc8-49fe-a44e-46c59cae99f9','5fbec591-acc8-49fe-a44e-46c59cae99f9','2015-02-25 00:00:00',NULL,'2015-02-25 00:00:00',NULL),
	('e6b7f07e-2401-11e4-b266-c7d6ddce73d4',95,'tran','Maritime','0000-00-00 00:00:00','5fbec591-acc8-49fe-a44e-46c59cae99f9','5fbec591-acc8-49fe-a44e-46c59cae99f9','2015-02-25 00:00:00',NULL,'2015-02-25 00:00:00',NULL),
	('e6b7f0b0-2401-11e4-b266-c7d6ddce73d4',97,'corp','Market Research','0000-00-00 00:00:00','5fbec591-acc8-49fe-a44e-46c59cae99f9','5fbec591-acc8-49fe-a44e-46c59cae99f9','2015-02-25 00:00:00',NULL,'2015-02-25 00:00:00',NULL),
	('e6b7f0ec-2401-11e4-b266-c7d6ddce73d4',80,'corp med','Marketing and Advertising','0000-00-00 00:00:00','5fbec591-acc8-49fe-a44e-46c59cae99f9','5fbec591-acc8-49fe-a44e-46c59cae99f9','2015-02-25 00:00:00',NULL,'2015-02-25 00:00:00',NULL),
	('e6b7f11e-2401-11e4-b266-c7d6ddce73d4',135,'cons gov man','Mechanical or Industrial Engineering','0000-00-00 00:00:00','5fbec591-acc8-49fe-a44e-46c59cae99f9','5fbec591-acc8-49fe-a44e-46c59cae99f9','2015-02-25 00:00:00',NULL,'2015-02-25 00:00:00',NULL),
	('e6b7f15a-2401-11e4-b266-c7d6ddce73d4',126,'med rec','Media Production','0000-00-00 00:00:00','5fbec591-acc8-49fe-a44e-46c59cae99f9','5fbec591-acc8-49fe-a44e-46c59cae99f9','2015-02-25 00:00:00',NULL,'2015-02-25 00:00:00',NULL),
	('e6b7f196-2401-11e4-b266-c7d6ddce73d4',17,'hlth','Medical Devices','0000-00-00 00:00:00','5fbec591-acc8-49fe-a44e-46c59cae99f9','5fbec591-acc8-49fe-a44e-46c59cae99f9','2015-02-25 00:00:00',NULL,'2015-02-25 00:00:00',NULL),
	('e6b7f1c8-2401-11e4-b266-c7d6ddce73d4',13,'hlth','Medical Practice','0000-00-00 00:00:00','5fbec591-acc8-49fe-a44e-46c59cae99f9','5fbec591-acc8-49fe-a44e-46c59cae99f9','2015-02-25 00:00:00',NULL,'2015-02-25 00:00:00',NULL),
	('e6b7f1fa-2401-11e4-b266-c7d6ddce73d4',139,'hlth','Mental Health Care','0000-00-00 00:00:00','5fbec591-acc8-49fe-a44e-46c59cae99f9','5fbec591-acc8-49fe-a44e-46c59cae99f9','2015-02-25 00:00:00',NULL,'2015-02-25 00:00:00',NULL),
	('e6b7f236-2401-11e4-b266-c7d6ddce73d4',71,'gov','Military','0000-00-00 00:00:00','5fbec591-acc8-49fe-a44e-46c59cae99f9','5fbec591-acc8-49fe-a44e-46c59cae99f9','2015-02-25 00:00:00',NULL,'2015-02-25 00:00:00',NULL),
	('e6b7f268-2401-11e4-b266-c7d6ddce73d4',56,'man','Mining & Metals','0000-00-00 00:00:00','5fbec591-acc8-49fe-a44e-46c59cae99f9','5fbec591-acc8-49fe-a44e-46c59cae99f9','2015-02-25 00:00:00',NULL,'2015-02-25 00:00:00',NULL),
	('e6b7f2a4-2401-11e4-b266-c7d6ddce73d4',35,'art med rec','Motion Pictures and Film','0000-00-00 00:00:00','5fbec591-acc8-49fe-a44e-46c59cae99f9','5fbec591-acc8-49fe-a44e-46c59cae99f9','2015-02-25 00:00:00',NULL,'2015-02-25 00:00:00',NULL),
	('e6b7f2d6-2401-11e4-b266-c7d6ddce73d4',37,'art med rec','Museums and Institutions','0000-00-00 00:00:00','5fbec591-acc8-49fe-a44e-46c59cae99f9','5fbec591-acc8-49fe-a44e-46c59cae99f9','2015-02-25 00:00:00',NULL,'2015-02-25 00:00:00',NULL),
	('e6b7f312-2401-11e4-b266-c7d6ddce73d4',115,'art rec','Music','0000-00-00 00:00:00','5fbec591-acc8-49fe-a44e-46c59cae99f9','5fbec591-acc8-49fe-a44e-46c59cae99f9','2015-02-25 00:00:00',NULL,'2015-02-25 00:00:00',NULL),
	('e6b7f34e-2401-11e4-b266-c7d6ddce73d4',114,'gov man tech','Nanotechnology','0000-00-00 00:00:00','5fbec591-acc8-49fe-a44e-46c59cae99f9','5fbec591-acc8-49fe-a44e-46c59cae99f9','2015-02-25 00:00:00',NULL,'2015-02-25 00:00:00',NULL),
	('e6b7f380-2401-11e4-b266-c7d6ddce73d4',81,'med rec','Newspapers','0000-00-00 00:00:00','5fbec591-acc8-49fe-a44e-46c59cae99f9','5fbec591-acc8-49fe-a44e-46c59cae99f9','2015-02-25 00:00:00',NULL,'2015-02-25 00:00:00',NULL),
	('e6b7f3bc-2401-11e4-b266-c7d6ddce73d4',100,'org','Non-Profit Organization Management','0000-00-00 00:00:00','5fbec591-acc8-49fe-a44e-46c59cae99f9','5fbec591-acc8-49fe-a44e-46c59cae99f9','2015-02-25 00:00:00',NULL,'2015-02-25 00:00:00',NULL),
	('e6b7f3ee-2401-11e4-b266-c7d6ddce73d4',57,'man','Oil & Energy','0000-00-00 00:00:00','5fbec591-acc8-49fe-a44e-46c59cae99f9','5fbec591-acc8-49fe-a44e-46c59cae99f9','2015-02-25 00:00:00',NULL,'2015-02-25 00:00:00',NULL),
	('e6b7f42a-2401-11e4-b266-c7d6ddce73d4',113,'med','Online Media','0000-00-00 00:00:00','5fbec591-acc8-49fe-a44e-46c59cae99f9','5fbec591-acc8-49fe-a44e-46c59cae99f9','2015-02-25 00:00:00',NULL,'2015-02-25 00:00:00',NULL),
	('e6b7f45c-2401-11e4-b266-c7d6ddce73d4',123,'corp','Outsourcing/Offshoring','0000-00-00 00:00:00','5fbec591-acc8-49fe-a44e-46c59cae99f9','5fbec591-acc8-49fe-a44e-46c59cae99f9','2015-02-25 00:00:00',NULL,'2015-02-25 00:00:00',NULL),
	('e6b7f498-2401-11e4-b266-c7d6ddce73d4',87,'serv tran','Package/Freight Delivery','0000-00-00 00:00:00','5fbec591-acc8-49fe-a44e-46c59cae99f9','5fbec591-acc8-49fe-a44e-46c59cae99f9','2015-02-25 00:00:00',NULL,'2015-02-25 00:00:00',NULL),
	('e6b87f58-2401-11e4-b266-c7d6ddce73d4',146,'good man','Packaging and Containers','0000-00-00 00:00:00','5fbec591-acc8-49fe-a44e-46c59cae99f9','5fbec591-acc8-49fe-a44e-46c59cae99f9','2015-02-25 00:00:00',NULL,'2015-02-25 00:00:00',NULL),
	('e6b88034-2401-11e4-b266-c7d6ddce73d4',61,'man','Paper & Forest Products','0000-00-00 00:00:00','5fbec591-acc8-49fe-a44e-46c59cae99f9','5fbec591-acc8-49fe-a44e-46c59cae99f9','2015-02-25 00:00:00',NULL,'2015-02-25 00:00:00',NULL),
	('e6b8807a-2401-11e4-b266-c7d6ddce73d4',39,'art med rec','Performing Arts','0000-00-00 00:00:00','5fbec591-acc8-49fe-a44e-46c59cae99f9','5fbec591-acc8-49fe-a44e-46c59cae99f9','2015-02-25 00:00:00',NULL,'2015-02-25 00:00:00',NULL),
	('e6b880b6-2401-11e4-b266-c7d6ddce73d4',15,'hlth tech','Pharmaceuticals','0000-00-00 00:00:00','5fbec591-acc8-49fe-a44e-46c59cae99f9','5fbec591-acc8-49fe-a44e-46c59cae99f9','2015-02-25 00:00:00',NULL,'2015-02-25 00:00:00',NULL),
	('e6b880e8-2401-11e4-b266-c7d6ddce73d4',131,'org','Philanthropy','0000-00-00 00:00:00','5fbec591-acc8-49fe-a44e-46c59cae99f9','5fbec591-acc8-49fe-a44e-46c59cae99f9','2015-02-25 00:00:00',NULL,'2015-02-25 00:00:00',NULL),
	('e6b88124-2401-11e4-b266-c7d6ddce73d4',136,'art med rec','Photography','0000-00-00 00:00:00','5fbec591-acc8-49fe-a44e-46c59cae99f9','5fbec591-acc8-49fe-a44e-46c59cae99f9','2015-02-25 00:00:00',NULL,'2015-02-25 00:00:00',NULL),
	('e6b881ba-2401-11e4-b266-c7d6ddce73d4',117,'man','Plastics','0000-00-00 00:00:00','5fbec591-acc8-49fe-a44e-46c59cae99f9','5fbec591-acc8-49fe-a44e-46c59cae99f9','2015-02-25 00:00:00',NULL,'2015-02-25 00:00:00',NULL),
	('e6b881f6-2401-11e4-b266-c7d6ddce73d4',107,'gov org','Political Organization','0000-00-00 00:00:00','5fbec591-acc8-49fe-a44e-46c59cae99f9','5fbec591-acc8-49fe-a44e-46c59cae99f9','2015-02-25 00:00:00',NULL,'2015-02-25 00:00:00',NULL),
	('e6b88232-2401-11e4-b266-c7d6ddce73d4',67,'edu','Primary/Secondary Education','0000-00-00 00:00:00','5fbec591-acc8-49fe-a44e-46c59cae99f9','5fbec591-acc8-49fe-a44e-46c59cae99f9','2015-02-25 00:00:00',NULL,'2015-02-25 00:00:00',NULL),
	('e6b88264-2401-11e4-b266-c7d6ddce73d4',83,'med rec','Printing','0000-00-00 00:00:00','5fbec591-acc8-49fe-a44e-46c59cae99f9','5fbec591-acc8-49fe-a44e-46c59cae99f9','2015-02-25 00:00:00',NULL,'2015-02-25 00:00:00',NULL),
	('e6b882a0-2401-11e4-b266-c7d6ddce73d4',105,'corp','Professional Training & Coaching','0000-00-00 00:00:00','5fbec591-acc8-49fe-a44e-46c59cae99f9','5fbec591-acc8-49fe-a44e-46c59cae99f9','2015-02-25 00:00:00',NULL,'2015-02-25 00:00:00',NULL),
	('e6b882dc-2401-11e4-b266-c7d6ddce73d4',102,'corp org','Program Development','0000-00-00 00:00:00','5fbec591-acc8-49fe-a44e-46c59cae99f9','5fbec591-acc8-49fe-a44e-46c59cae99f9','2015-02-25 00:00:00',NULL,'2015-02-25 00:00:00',NULL),
	('e6b88318-2401-11e4-b266-c7d6ddce73d4',79,'gov','Public Policy','0000-00-00 00:00:00','5fbec591-acc8-49fe-a44e-46c59cae99f9','5fbec591-acc8-49fe-a44e-46c59cae99f9','2015-02-25 00:00:00',NULL,'2015-02-25 00:00:00',NULL),
	('e6b88354-2401-11e4-b266-c7d6ddce73d4',98,'corp','Public Relations and Communications','0000-00-00 00:00:00','5fbec591-acc8-49fe-a44e-46c59cae99f9','5fbec591-acc8-49fe-a44e-46c59cae99f9','2015-02-25 00:00:00',NULL,'2015-02-25 00:00:00',NULL),
	('e6b88386-2401-11e4-b266-c7d6ddce73d4',78,'gov','Public Safety','0000-00-00 00:00:00','5fbec591-acc8-49fe-a44e-46c59cae99f9','5fbec591-acc8-49fe-a44e-46c59cae99f9','2015-02-25 00:00:00',NULL,'2015-02-25 00:00:00',NULL),
	('e6b88462-2401-11e4-b266-c7d6ddce73d4',82,'med rec','Publishing','0000-00-00 00:00:00','5fbec591-acc8-49fe-a44e-46c59cae99f9','5fbec591-acc8-49fe-a44e-46c59cae99f9','2015-02-25 00:00:00',NULL,'2015-02-25 00:00:00',NULL),
	('e6b8849e-2401-11e4-b266-c7d6ddce73d4',62,'man','Railroad Manufacture','0000-00-00 00:00:00','5fbec591-acc8-49fe-a44e-46c59cae99f9','5fbec591-acc8-49fe-a44e-46c59cae99f9','2015-02-25 00:00:00',NULL,'2015-02-25 00:00:00',NULL),
	('e6b884d0-2401-11e4-b266-c7d6ddce73d4',64,'agr','Ranching','0000-00-00 00:00:00','5fbec591-acc8-49fe-a44e-46c59cae99f9','5fbec591-acc8-49fe-a44e-46c59cae99f9','2015-02-25 00:00:00',NULL,'2015-02-25 00:00:00',NULL),
	('e6b88502-2401-11e4-b266-c7d6ddce73d4',44,'cons fin good','Real Estate','0000-00-00 00:00:00','5fbec591-acc8-49fe-a44e-46c59cae99f9','5fbec591-acc8-49fe-a44e-46c59cae99f9','2015-02-25 00:00:00',NULL,'2015-02-25 00:00:00',NULL),
	('e6b88534-2401-11e4-b266-c7d6ddce73d4',40,'rec serv','Recreational Facilities and Services','0000-00-00 00:00:00','5fbec591-acc8-49fe-a44e-46c59cae99f9','5fbec591-acc8-49fe-a44e-46c59cae99f9','2015-02-25 00:00:00',NULL,'2015-02-25 00:00:00',NULL),
	('e6b88566-2401-11e4-b266-c7d6ddce73d4',89,'org serv','Religious Institutions','0000-00-00 00:00:00','5fbec591-acc8-49fe-a44e-46c59cae99f9','5fbec591-acc8-49fe-a44e-46c59cae99f9','2015-02-25 00:00:00',NULL,'2015-02-25 00:00:00',NULL),
	('e6b88598-2401-11e4-b266-c7d6ddce73d4',144,'gov man org','Renewables & Environment','0000-00-00 00:00:00','5fbec591-acc8-49fe-a44e-46c59cae99f9','5fbec591-acc8-49fe-a44e-46c59cae99f9','2015-02-25 00:00:00',NULL,'2015-02-25 00:00:00',NULL),
	('e6b885ca-2401-11e4-b266-c7d6ddce73d4',70,'edu gov','Research','0000-00-00 00:00:00','5fbec591-acc8-49fe-a44e-46c59cae99f9','5fbec591-acc8-49fe-a44e-46c59cae99f9','2015-02-25 00:00:00',NULL,'2015-02-25 00:00:00',NULL),
	('e6b885fc-2401-11e4-b266-c7d6ddce73d4',32,'rec serv','Restaurants','0000-00-00 00:00:00','5fbec591-acc8-49fe-a44e-46c59cae99f9','5fbec591-acc8-49fe-a44e-46c59cae99f9','2015-02-25 00:00:00',NULL,'2015-02-25 00:00:00',NULL),
	('e6b8862e-2401-11e4-b266-c7d6ddce73d4',27,'good man','Retail','0000-00-00 00:00:00','5fbec591-acc8-49fe-a44e-46c59cae99f9','5fbec591-acc8-49fe-a44e-46c59cae99f9','2015-02-25 00:00:00',NULL,'2015-02-25 00:00:00',NULL),
	('e6b88660-2401-11e4-b266-c7d6ddce73d4',121,'corp org serv','Security and Investigations','0000-00-00 00:00:00','5fbec591-acc8-49fe-a44e-46c59cae99f9','5fbec591-acc8-49fe-a44e-46c59cae99f9','2015-02-25 00:00:00',NULL,'2015-02-25 00:00:00',NULL),
	('e6b8869c-2401-11e4-b266-c7d6ddce73d4',7,'tech','Semiconductors','0000-00-00 00:00:00','5fbec591-acc8-49fe-a44e-46c59cae99f9','5fbec591-acc8-49fe-a44e-46c59cae99f9','2015-02-25 00:00:00',NULL,'2015-02-25 00:00:00',NULL),
	('e6b886ce-2401-11e4-b266-c7d6ddce73d4',58,'man','Shipbuilding','0000-00-00 00:00:00','5fbec591-acc8-49fe-a44e-46c59cae99f9','5fbec591-acc8-49fe-a44e-46c59cae99f9','2015-02-25 00:00:00',NULL,'2015-02-25 00:00:00',NULL),
	('e6b88700-2401-11e4-b266-c7d6ddce73d4',20,'good rec','Sporting Goods','0000-00-00 00:00:00','5fbec591-acc8-49fe-a44e-46c59cae99f9','5fbec591-acc8-49fe-a44e-46c59cae99f9','2015-02-25 00:00:00',NULL,'2015-02-25 00:00:00',NULL),
	('e6b88732-2401-11e4-b266-c7d6ddce73d4',33,'rec','Sports','0000-00-00 00:00:00','5fbec591-acc8-49fe-a44e-46c59cae99f9','5fbec591-acc8-49fe-a44e-46c59cae99f9','2015-02-25 00:00:00',NULL,'2015-02-25 00:00:00',NULL),
	('e6b88764-2401-11e4-b266-c7d6ddce73d4',104,'corp','Staffing and Recruiting','0000-00-00 00:00:00','5fbec591-acc8-49fe-a44e-46c59cae99f9','5fbec591-acc8-49fe-a44e-46c59cae99f9','2015-02-25 00:00:00',NULL,'2015-02-25 00:00:00',NULL),
	('e6b88796-2401-11e4-b266-c7d6ddce73d4',22,'good','Supermarkets','0000-00-00 00:00:00','5fbec591-acc8-49fe-a44e-46c59cae99f9','5fbec591-acc8-49fe-a44e-46c59cae99f9','2015-02-25 00:00:00',NULL,'2015-02-25 00:00:00',NULL),
	('e6b887c8-2401-11e4-b266-c7d6ddce73d4',8,'gov tech','Telecommunications','0000-00-00 00:00:00','5fbec591-acc8-49fe-a44e-46c59cae99f9','5fbec591-acc8-49fe-a44e-46c59cae99f9','2015-02-25 00:00:00',NULL,'2015-02-25 00:00:00',NULL),
	('e6b887fa-2401-11e4-b266-c7d6ddce73d4',60,'man','Textiles','0000-00-00 00:00:00','5fbec591-acc8-49fe-a44e-46c59cae99f9','5fbec591-acc8-49fe-a44e-46c59cae99f9','2015-02-25 00:00:00',NULL,'2015-02-25 00:00:00',NULL),
	('e6b8882c-2401-11e4-b266-c7d6ddce73d4',130,'gov org','Think Tanks','0000-00-00 00:00:00','5fbec591-acc8-49fe-a44e-46c59cae99f9','5fbec591-acc8-49fe-a44e-46c59cae99f9','2015-02-25 00:00:00',NULL,'2015-02-25 00:00:00',NULL),
	('e6b8885e-2401-11e4-b266-c7d6ddce73d4',21,'good','Tobacco','0000-00-00 00:00:00','5fbec591-acc8-49fe-a44e-46c59cae99f9','5fbec591-acc8-49fe-a44e-46c59cae99f9','2015-02-25 00:00:00',NULL,'2015-02-25 00:00:00',NULL),
	('e6b8889a-2401-11e4-b266-c7d6ddce73d4',108,'corp gov serv','Translation and Localization','0000-00-00 00:00:00','5fbec591-acc8-49fe-a44e-46c59cae99f9','5fbec591-acc8-49fe-a44e-46c59cae99f9','2015-02-25 00:00:00',NULL,'2015-02-25 00:00:00',NULL),
	('e6b888cc-2401-11e4-b266-c7d6ddce73d4',92,'tran','Transportation/Trucking/Railroad','0000-00-00 00:00:00','5fbec591-acc8-49fe-a44e-46c59cae99f9','5fbec591-acc8-49fe-a44e-46c59cae99f9','2015-02-25 00:00:00',NULL,'2015-02-25 00:00:00',NULL),
	('e6b888f4-2401-11e4-b266-c7d6ddce73d4',59,'man','Utilities','0000-00-00 00:00:00','5fbec591-acc8-49fe-a44e-46c59cae99f9','5fbec591-acc8-49fe-a44e-46c59cae99f9','2015-02-25 00:00:00',NULL,'2015-02-25 00:00:00',NULL),
	('e6b88926-2401-11e4-b266-c7d6ddce73d4',106,'fin tech','Venture Capital & Private Equity','0000-00-00 00:00:00','5fbec591-acc8-49fe-a44e-46c59cae99f9','5fbec591-acc8-49fe-a44e-46c59cae99f9','2015-02-25 00:00:00',NULL,'2015-02-25 00:00:00',NULL),
	('e6b88958-2401-11e4-b266-c7d6ddce73d4',16,'hlth','Veterinary','0000-00-00 00:00:00','5fbec591-acc8-49fe-a44e-46c59cae99f9','5fbec591-acc8-49fe-a44e-46c59cae99f9','2015-02-25 00:00:00',NULL,'2015-02-25 00:00:00',NULL),
	('e6b8898a-2401-11e4-b266-c7d6ddce73d4',93,'tran','Warehousing','0000-00-00 00:00:00','5fbec591-acc8-49fe-a44e-46c59cae99f9','5fbec591-acc8-49fe-a44e-46c59cae99f9','2015-02-25 00:00:00',NULL,'2015-02-25 00:00:00',NULL),
	('e6b889c6-2401-11e4-b266-c7d6ddce73d4',133,'good','Wholesale','0000-00-00 00:00:00','5fbec591-acc8-49fe-a44e-46c59cae99f9','5fbec591-acc8-49fe-a44e-46c59cae99f9','2015-02-25 00:00:00',NULL,'2015-02-25 00:00:00',NULL),
	('e6b889f8-2401-11e4-b266-c7d6ddce73d4',142,'good man rec','Wine and Spirits','0000-00-00 00:00:00','5fbec591-acc8-49fe-a44e-46c59cae99f9','5fbec591-acc8-49fe-a44e-46c59cae99f9','2015-02-25 00:00:00',NULL,'2015-02-25 00:00:00',NULL),
	('e6b88a2a-2401-11e4-b266-c7d6ddce73d4',119,'tech','Wireless','0000-00-00 00:00:00','5fbec591-acc8-49fe-a44e-46c59cae99f9','5fbec591-acc8-49fe-a44e-46c59cae99f9','2015-02-25 00:00:00',NULL,'2015-02-25 00:00:00',NULL),
	('e6b88a5c-2401-11e4-b266-c7d6ddce73d4',103,'art med rec','Writing and Editing','0000-00-00 00:00:00','5fbec591-acc8-49fe-a44e-46c59cae99f9','5fbec591-acc8-49fe-a44e-46c59cae99f9','2015-02-25 00:00:00',NULL,'2015-02-25 00:00:00',NULL);

/*!40000 ALTER TABLE `industry` ENABLE KEYS */;
UNLOCK TABLES;


# Dump of table invoice
# ------------------------------------------------------------

DROP TABLE IF EXISTS `invoice`;

CREATE TABLE `invoice` (
  `id` varchar(36) COLLATE utf8_unicode_ci NOT NULL,
  `vendor_id` varchar(36) COLLATE utf8_unicode_ci DEFAULT NULL,
  `customer_id` varchar(36) COLLATE utf8_unicode_ci DEFAULT NULL,
  `customer_shipping_id` varchar(36) COLLATE utf8_unicode_ci DEFAULT NULL,
  `creator_id` varchar(36) COLLATE utf8_unicode_ci DEFAULT NULL,
  `updater_id` varchar(36) COLLATE utf8_unicode_ci DEFAULT NULL,
  `order_number` int(11) NOT NULL,
  `reference_number` int(11) DEFAULT NULL,
  `date` datetime NOT NULL,
  `delivery_date` datetime NOT NULL,
  `currency` varchar(255) COLLATE utf8_unicode_ci NOT NULL,
  `delivery_instruction` varchar(255) COLLATE utf8_unicode_ci DEFAULT NULL,
  `status` varchar(100) COLLATE utf8_unicode_ci NOT NULL,
  `sub_total` double NOT NULL,
  `total_tax` double NOT NULL,
  `amount` double NOT NULL,
  `tax` double NOT NULL,
  `deleted` datetime DEFAULT NULL,
  `created` datetime NOT NULL,
  `created_time_zone` int(11) DEFAULT NULL,
  `updated` datetime NOT NULL,
  `updated_time_zone` int(11) DEFAULT NULL,
  PRIMARY KEY (`id`),
  KEY `IDX_90651744F52233F6` (`vendor_id`),
  KEY `IDX_90651744BE9D39F2` (`customer_id`),
  KEY `IDX_906517441D9540B` (`customer_shipping_id`),
  KEY `IDX_9065174461220EA6` (`creator_id`),
  KEY `IDX_90651744E37ECFB0` (`updater_id`),
  CONSTRAINT `FK_906517441D9540B` FOREIGN KEY (`customer_shipping_id`) REFERENCES `customer` (`id`),
  CONSTRAINT `FK_9065174461220EA6` FOREIGN KEY (`creator_id`) REFERENCES `user` (`id`),
  CONSTRAINT `FK_90651744BE9D39F2` FOREIGN KEY (`customer_id`) REFERENCES `customer` (`id`),
  CONSTRAINT `FK_90651744E37ECFB0` FOREIGN KEY (`updater_id`) REFERENCES `user` (`id`),
  CONSTRAINT `FK_90651744F52233F6` FOREIGN KEY (`vendor_id`) REFERENCES `vendor` (`id`)
) ENGINE=InnoDB DEFAULT CHARSET=utf8 COLLATE=utf8_unicode_ci;



# Dump of table invoice_product
# ------------------------------------------------------------

DROP TABLE IF EXISTS `invoice_product`;

CREATE TABLE `invoice_product` (
  `id` varchar(36) COLLATE utf8_unicode_ci NOT NULL,
  `invoice_id` varchar(36) COLLATE utf8_unicode_ci DEFAULT NULL,
  `product_id` varchar(36) COLLATE utf8_unicode_ci DEFAULT NULL,
  `creator_id` varchar(36) COLLATE utf8_unicode_ci DEFAULT NULL,
  `updater_id` varchar(36) COLLATE utf8_unicode_ci DEFAULT NULL,
  `quantity` int(11) NOT NULL,
  `price` double NOT NULL,
  `deleted` datetime DEFAULT NULL,
  `created` datetime NOT NULL,
  `created_time_zone` int(11) DEFAULT NULL,
  `updated` datetime NOT NULL,
  `updated_time_zone` int(11) DEFAULT NULL,
  PRIMARY KEY (`id`),
  KEY `IDX_2193327E2989F1FD` (`invoice_id`),
  KEY `IDX_2193327E4584665A` (`product_id`),
  KEY `IDX_2193327E61220EA6` (`creator_id`),
  KEY `IDX_2193327EE37ECFB0` (`updater_id`),
  CONSTRAINT `FK_2193327E2989F1FD` FOREIGN KEY (`invoice_id`) REFERENCES `invoice` (`id`),
  CONSTRAINT `FK_2193327E4584665A` FOREIGN KEY (`product_id`) REFERENCES `product` (`id`),
  CONSTRAINT `FK_2193327E61220EA6` FOREIGN KEY (`creator_id`) REFERENCES `user` (`id`),
  CONSTRAINT `FK_2193327EE37ECFB0` FOREIGN KEY (`updater_id`) REFERENCES `user` (`id`)
) ENGINE=InnoDB DEFAULT CHARSET=utf8 COLLATE=utf8_unicode_ci;



# Dump of table location
# ------------------------------------------------------------

DROP TABLE IF EXISTS `location`;

CREATE TABLE `location` (
  `id` varchar(36) COLLATE utf8_unicode_ci NOT NULL,
  `name` varchar(255) COLLATE utf8_unicode_ci DEFAULT NULL,
  `description` varchar(500) COLLATE utf8_unicode_ci DEFAULT NULL,
  `address` varchar(500) COLLATE utf8_unicode_ci DEFAULT NULL,
  `address1` varchar(500) COLLATE utf8_unicode_ci DEFAULT NULL,
  `city` varchar(20) COLLATE utf8_unicode_ci DEFAULT NULL,
  `zipcode` varchar(20) COLLATE utf8_unicode_ci DEFAULT NULL,
  `state_id` varchar(36) COLLATE utf8_unicode_ci DEFAULT NULL,
  `country_id` varchar(2) COLLATE utf8_unicode_ci DEFAULT NULL,
  `company_id` varchar(36) COLLATE utf8_unicode_ci DEFAULT NULL,
  `creator_id` varchar(36) COLLATE utf8_unicode_ci DEFAULT NULL,
  `updater_id` varchar(36) COLLATE utf8_unicode_ci DEFAULT NULL,
  `deleted` datetime DEFAULT NULL,
  `created` datetime NOT NULL,
  `created_time_zone` int(11) DEFAULT NULL,
  `updated` datetime NOT NULL,
  `updated_time_zone` int(11) DEFAULT NULL,
  PRIMARY KEY (`id`),
  KEY `FK_D34AX4AD61220AA1` (`company_id`),
  KEY `FK_D34A04AD61220AA1` (`creator_id`),
  KEY `FK_D34A04AD61220AA2` (`updater_id`),
  KEY `FK_D34A04AD61220AA3` (`state_id`),
  KEY `FK_D34A04AD61220AA4` (`country_id`),
  CONSTRAINT `FK_D34A04AD61220AA1` FOREIGN KEY (`creator_id`) REFERENCES `user` (`id`),
  CONSTRAINT `FK_D34A04AD61220AA2` FOREIGN KEY (`updater_id`) REFERENCES `user` (`id`),
  CONSTRAINT `FK_D34AX4AD61220AA1` FOREIGN KEY (`company_id`) REFERENCES `company` (`id`)
) ENGINE=InnoDB DEFAULT CHARSET=utf8 COLLATE=utf8_unicode_ci;

LOCK TABLES `location` WRITE;
/*!40000 ALTER TABLE `location` DISABLE KEYS */;

INSERT INTO `location` (`id`, `name`, `description`, `address`, `address1`, `city`, `zipcode`, `state_id`, `country_id`, `company_id`, `creator_id`, `updater_id`, `deleted`, `created`, `created_time_zone`, `updated`, `updated_time_zone`)
VALUES
	('05284899-c15a-11e4-898f-10c37b247796','Some Address',NULL,'1124 sw 145 st miami, fl 33145',NULL,NULL,NULL,NULL,NULL,NULL,'5fbec591-acc8-49fe-a44e-46c59cae99f9','5fbec591-acc8-49fe-a44e-46c59cae99f9',NULL,'2015-03-02 20:20:03',NULL,'2015-03-02 20:20:03',NULL);

/*!40000 ALTER TABLE `location` ENABLE KEYS */;
UNLOCK TABLES;


# Dump of table magento_account
# ------------------------------------------------------------

DROP TABLE IF EXISTS `magento_account`;

CREATE TABLE `magento_account` (
  `id` varchar(36) COLLATE utf8_unicode_ci NOT NULL,
  `creator_id` varchar(36) COLLATE utf8_unicode_ci DEFAULT NULL,
  `updater_id` varchar(36) COLLATE utf8_unicode_ci DEFAULT NULL,
  `host` varchar(254) COLLATE utf8_unicode_ci NOT NULL,
  `username` varchar(254) COLLATE utf8_unicode_ci NOT NULL,
  `password` varchar(254) COLLATE utf8_unicode_ci NOT NULL,
  `created` datetime NOT NULL,
  `created_time_zone` int(11) DEFAULT NULL,
  `updated` datetime NOT NULL,
  `updated_time_zone` int(11) DEFAULT NULL,
  `deleted` datetime DEFAULT NULL,
  PRIMARY KEY (`id`),
  KEY `IDX_A9C6235061220EA6` (`creator_id`),
  KEY `IDX_A9C62350E37ECFB0` (`updater_id`),
  CONSTRAINT `FK_A9C6235061220EA6` FOREIGN KEY (`creator_id`) REFERENCES `user` (`id`),
  CONSTRAINT `FK_A9C62350E37ECFB0` FOREIGN KEY (`updater_id`) REFERENCES `user` (`id`)
) ENGINE=InnoDB DEFAULT CHARSET=utf8 COLLATE=utf8_unicode_ci;

LOCK TABLES `magento_account` WRITE;
/*!40000 ALTER TABLE `magento_account` DISABLE KEYS */;

INSERT INTO `magento_account` (`id`, `creator_id`, `updater_id`, `host`, `username`, `password`, `created`, `created_time_zone`, `updated`, `updated_time_zone`, `deleted`)
VALUES
	('b81a9ee6-9cc5-11e4-a966-24be4c436c53','fec7c94c-9638-11e4-96b1-6ed3d8c13ef2','fec7c94c-9638-11e4-96b1-6ed3d8c13ef2','http://magento.local','damnpoet','Mandrak3!','2015-01-15 14:49:33',151,'2015-01-15 14:50:26',151,'2015-01-15 14:50:26');

/*!40000 ALTER TABLE `magento_account` ENABLE KEYS */;
UNLOCK TABLES;


# Dump of table magento_order
# ------------------------------------------------------------

DROP TABLE IF EXISTS `magento_order`;

CREATE TABLE `magento_order` (
  `id` varchar(36) COLLATE utf8_unicode_ci NOT NULL,
  `order_id` varchar(36) COLLATE utf8_unicode_ci DEFAULT NULL,
  `creator_id` varchar(36) COLLATE utf8_unicode_ci DEFAULT NULL,
  `updater_id` varchar(36) COLLATE utf8_unicode_ci DEFAULT NULL,
  `catalogOrderEntity_id` varchar(255) COLLATE utf8_unicode_ci NOT NULL,
  `created` datetime NOT NULL,
  `created_time_zone` int(11) DEFAULT NULL,
  `updated` datetime NOT NULL,
  `updated_time_zone` int(11) DEFAULT NULL,
  `deleted` datetime DEFAULT NULL,
  PRIMARY KEY (`id`),
  UNIQUE KEY `UNIQ_B4EBB7BD8D9F6D38` (`order_id`),
  KEY `IDX_B4EBB7BD61220EA6` (`creator_id`),
  KEY `IDX_B4EBB7BDE37ECFB0` (`updater_id`),
  CONSTRAINT `FK_B4EBB7BD61220EA6` FOREIGN KEY (`creator_id`) REFERENCES `user` (`id`),
  CONSTRAINT `FK_B4EBB7BD8D9F6D38` FOREIGN KEY (`order_id`) REFERENCES `order` (`id`),
  CONSTRAINT `FK_B4EBB7BDE37ECFB0` FOREIGN KEY (`updater_id`) REFERENCES `user` (`id`)
) ENGINE=InnoDB DEFAULT CHARSET=utf8 COLLATE=utf8_unicode_ci;



# Dump of table magento_product
# ------------------------------------------------------------

DROP TABLE IF EXISTS `magento_product`;

CREATE TABLE `magento_product` (
  `id` varchar(36) COLLATE utf8_unicode_ci NOT NULL,
  `product_id` varchar(36) COLLATE utf8_unicode_ci DEFAULT NULL,
  `creator_id` varchar(36) COLLATE utf8_unicode_ci DEFAULT NULL,
  `updater_id` varchar(36) COLLATE utf8_unicode_ci DEFAULT NULL,
  `catalog_product_id` int(11) NOT NULL,
  `created` datetime NOT NULL,
  `created_time_zone` int(11) DEFAULT NULL,
  `updated` datetime NOT NULL,
  `updated_time_zone` int(11) DEFAULT NULL,
  `deleted` datetime DEFAULT NULL,
  PRIMARY KEY (`id`),
  UNIQUE KEY `UNIQ_7BA7159A89F8FD8` (`catalog_product_id`),
  UNIQUE KEY `UNIQ_7BA71594584665A` (`product_id`),
  KEY `IDX_7BA715961220EA6` (`creator_id`),
  KEY `IDX_7BA7159E37ECFB0` (`updater_id`),
  CONSTRAINT `FK_7BA71594584665A` FOREIGN KEY (`product_id`) REFERENCES `product` (`id`),
  CONSTRAINT `FK_7BA715961220EA6` FOREIGN KEY (`creator_id`) REFERENCES `user` (`id`),
  CONSTRAINT `FK_7BA7159E37ECFB0` FOREIGN KEY (`updater_id`) REFERENCES `user` (`id`)
) ENGINE=InnoDB DEFAULT CHARSET=utf8 COLLATE=utf8_unicode_ci;

LOCK TABLES `magento_product` WRITE;
/*!40000 ALTER TABLE `magento_product` DISABLE KEYS */;

INSERT INTO `magento_product` (`id`, `product_id`, `creator_id`, `updater_id`, `catalog_product_id`, `created`, `created_time_zone`, `updated`, `updated_time_zone`, `deleted`)
VALUES
	('2aaa863a-9cce-11e4-a966-24be4c436c53','1a71dec6-9cce-11e4-a966-24be4c436c53','fec7c94c-9638-11e4-96b1-6ed3d8c13ef2','fec7c94c-9638-11e4-96b1-6ed3d8c13ef2',17,'2015-01-15 15:50:02',151,'2015-01-15 15:50:02',151,NULL),
	('6c587874-9c80-11e4-a966-24be4c436c53','6c58859e-9c80-11e4-a966-24be4c436c53','d4af5216-9c72-11e4-a966-24be4c436c53','d4af5216-9c72-11e4-a966-24be4c436c53',15,'2015-01-15 06:33:31',151,'2015-01-15 06:33:31',151,NULL);

/*!40000 ALTER TABLE `magento_product` ENABLE KEYS */;
UNLOCK TABLES;


# Dump of table note
# ------------------------------------------------------------

DROP TABLE IF EXISTS `note`;

CREATE TABLE `note` (
  `id` varchar(36) COLLATE utf8_unicode_ci NOT NULL,
  `project_id` varchar(36) COLLATE utf8_unicode_ci DEFAULT NULL,
  `creator_id` varchar(36) COLLATE utf8_unicode_ci DEFAULT NULL,
  `updater_id` varchar(36) COLLATE utf8_unicode_ci DEFAULT NULL,
  `description` longtext COLLATE utf8_unicode_ci NOT NULL,
  `deleted` tinyint(1) NOT NULL,
  `created` datetime NOT NULL,
  `created_time_zone` int(11) DEFAULT NULL,
  `updated` datetime NOT NULL,
  `updated_time_zone` int(11) DEFAULT NULL,
  PRIMARY KEY (`id`),
  KEY `IDX_CFBDFA14166D1F9C` (`project_id`),
  KEY `IDX_CFBDFA1461220EA6` (`creator_id`),
  KEY `IDX_CFBDFA14E37ECFB0` (`updater_id`),
  CONSTRAINT `FK_CFBDFA14166D1F9C` FOREIGN KEY (`project_id`) REFERENCES `project` (`id`),
  CONSTRAINT `FK_CFBDFA1461220EA6` FOREIGN KEY (`creator_id`) REFERENCES `user` (`id`),
  CONSTRAINT `FK_CFBDFA14E37ECFB0` FOREIGN KEY (`updater_id`) REFERENCES `user` (`id`)
) ENGINE=InnoDB DEFAULT CHARSET=utf8 COLLATE=utf8_unicode_ci;



# Dump of table notification
# ------------------------------------------------------------

DROP TABLE IF EXISTS `notification`;

CREATE TABLE `notification` (
  `id` varchar(36) COLLATE utf8_unicode_ci NOT NULL,
  `owner_id` varchar(36) COLLATE utf8_unicode_ci DEFAULT NULL,
  `creator_id` varchar(36) COLLATE utf8_unicode_ci DEFAULT NULL,
  `updater_id` varchar(36) COLLATE utf8_unicode_ci DEFAULT NULL,
  `title` varchar(255) COLLATE utf8_unicode_ci NOT NULL,
  `category` varchar(255) COLLATE utf8_unicode_ci NOT NULL,
  `read` tinyint(1) NOT NULL,
  `deleted` datetime DEFAULT NULL,
  `created` datetime NOT NULL,
  `created_time_zone` int(11) DEFAULT NULL,
  `updated` datetime NOT NULL,
  `updated_time_zone` int(11) DEFAULT NULL,
  PRIMARY KEY (`id`),
  KEY `IDX_BF5476CA7E3C61F9` (`owner_id`),
  KEY `IDX_BF5476CA61220EA6` (`creator_id`),
  KEY `IDX_BF5476CAE37ECFB0` (`updater_id`),
  CONSTRAINT `FK_BF5476CA61220EA6` FOREIGN KEY (`creator_id`) REFERENCES `user` (`id`),
  CONSTRAINT `FK_BF5476CA7E3C61F9` FOREIGN KEY (`owner_id`) REFERENCES `user` (`id`),
  CONSTRAINT `FK_BF5476CAE37ECFB0` FOREIGN KEY (`updater_id`) REFERENCES `user` (`id`)
) ENGINE=InnoDB DEFAULT CHARSET=utf8 COLLATE=utf8_unicode_ci;

LOCK TABLES `notification` WRITE;
/*!40000 ALTER TABLE `notification` DISABLE KEYS */;

INSERT INTO `notification` (`id`, `owner_id`, `creator_id`, `updater_id`, `title`, `category`, `read`, `deleted`, `created`, `created_time_zone`, `updated`, `updated_time_zone`)
VALUES
	('3813a562-7f5b-11e4-af5b-185152a64a80','5fbec591-acc8-49fe-a44e-46c59cae99f9','5fbec591-acc8-49fe-a44e-46c59cae99f9','5fbec591-acc8-49fe-a44e-46c59cae99f9','','test',1,NULL,'2014-12-09 04:24:08',151,'2014-12-09 04:32:29',151),
	('416b49e2-6522-11e4-bc27-8e7cbf4c3e51','5fbec591-acc8-49fe-a44e-46c59cae99f9','5fbec591-acc8-49fe-a44e-46c59cae99f9','fde7b2da-4d90-11e4-9918-98407aa1b8b7','ORDER ARRIVING','Order # 456712 Arriving from China.',1,NULL,'2014-11-05 19:30:52',151,'2014-11-05 19:31:40',151),
	('49498ae8-7f58-11e4-af5b-185152a64a80','5fbec591-acc8-49fe-a44e-46c59cae99f9','5fbec591-acc8-49fe-a44e-46c59cae99f9','5fbec591-acc8-49fe-a44e-46c59cae99f9','Check the alarm','New message',1,NULL,'2014-12-09 04:03:09',151,'2014-12-09 04:07:42',151),
	('89d1d6c2-7f5a-11e4-af5b-185152a64a80','5fbec591-acc8-49fe-a44e-46c59cae99f9','5fbec591-acc8-49fe-a44e-46c59cae99f9','5fbec591-acc8-49fe-a44e-46c59cae99f9','','Test',1,NULL,'2014-12-09 04:19:16',151,'2014-12-09 04:23:57',151),
	('9b1fffbe-6522-11e4-bc27-8e7cbf4c3e51','5fbec591-acc8-49fe-a44e-46c59cae99f9','5fbec591-acc8-49fe-a44e-46c59cae99f9','5fbec591-acc8-49fe-a44e-46c59cae99f9','SERVER MAINTENANCE','Schedule Maintenance from 12/01 9:00 PM EST to 12/02/12 12:00 AM EST',1,NULL,'2014-11-05 19:33:23',151,'2014-12-01 01:09:10',151),
	('d75313ee-4de0-11e4-9918-98407aa1b8b7','5fbec591-acc8-49fe-a44e-46c59cae99f9','5fbec591-acc8-49fe-a44e-46c59cae99f9','5fbec591-acc8-49fe-a44e-46c59cae99f9','Support Company','Veniam marfa mustache skateboard adipisicing',1,NULL,'2014-10-07 01:14:40',151,'2014-12-01 05:21:15',151),
	('d753d1e4-4de0-11e4-9918-98407aa1b8b7','5fbec591-acc8-49fe-a44e-46c59cae99f9','5fbec591-acc8-49fe-a44e-46c59cae99f9','fde7b2da-4d90-11e4-9918-98407aa1b8b7','Newsletter','Veniam marfa mustache skateboard adipisicing',0,NULL,'2014-10-07 01:14:40',151,'2014-10-21 15:01:19',151),
	('d753fb7e-4de0-11e4-9918-98407aa1b8b7','5fbec591-acc8-49fe-a44e-46c59cae99f9','5fbec591-acc8-49fe-a44e-46c59cae99f9','5fbec591-acc8-49fe-a44e-46c59cae99f9','John Doe','Veniam marfa mustache skateboard adipisicing',1,NULL,'2014-10-07 01:14:40',151,'2014-12-01 05:21:10',151),
	('dc4a92c8-6523-11e4-bc27-8e7cbf4c3e51','5fbec591-acc8-49fe-a44e-46c59cae99f9','5fbec591-acc8-49fe-a44e-46c59cae99f9','5fbec591-acc8-49fe-a44e-46c59cae99f9','REACH LIMIT','Client Truck Cargo, INC reach a max limit amount for credit.',1,NULL,'2014-11-05 19:42:22',151,'2014-12-02 05:12:06',151),
	('f758e786-6523-11e4-bc27-8e7cbf4c3e51','5fbec591-acc8-49fe-a44e-46c59cae99f9','5fbec591-acc8-49fe-a44e-46c59cae99f9','5fbec591-acc8-49fe-a44e-46c59cae99f9','OUT OF STOCK','Maxxis M8008 ST Radial BS Trailer Tire',1,NULL,'2014-11-05 19:43:07',151,'2014-12-02 05:12:14',151);

/*!40000 ALTER TABLE `notification` ENABLE KEYS */;
UNLOCK TABLES;


# Dump of table order
# ------------------------------------------------------------

DROP TABLE IF EXISTS `order`;

CREATE TABLE `order` (
  `id` varchar(36) COLLATE utf8_unicode_ci NOT NULL,
  `creator_id` varchar(36) COLLATE utf8_unicode_ci DEFAULT NULL,
  `updater_id` varchar(36) COLLATE utf8_unicode_ci DEFAULT NULL,
  `number` varchar(255) COLLATE utf8_unicode_ci NOT NULL,
  `description` varchar(255) COLLATE utf8_unicode_ci NOT NULL,
  `price` double NOT NULL,
  `deleted` tinyint(1) NOT NULL,
  `created` datetime NOT NULL,
  `created_time_zone` int(11) DEFAULT NULL,
  `updated` datetime NOT NULL,
  `updated_time_zone` int(11) DEFAULT NULL,
  PRIMARY KEY (`id`),
  KEY `IDX_F529939861220EA6` (`creator_id`),
  KEY `IDX_F5299398E37ECFB0` (`updater_id`),
  CONSTRAINT `FK_F529939861220EA6` FOREIGN KEY (`creator_id`) REFERENCES `user` (`id`),
  CONSTRAINT `FK_F5299398E37ECFB0` FOREIGN KEY (`updater_id`) REFERENCES `user` (`id`)
) ENGINE=InnoDB DEFAULT CHARSET=utf8 COLLATE=utf8_unicode_ci;



# Dump of table product
# ------------------------------------------------------------

DROP TABLE IF EXISTS `product`;

CREATE TABLE `product` (
  `id` varchar(36) COLLATE utf8_unicode_ci NOT NULL,
  `name` varchar(255) COLLATE utf8_unicode_ci NOT NULL,
  `description` varchar(255) COLLATE utf8_unicode_ci DEFAULT NULL,
  `manufacturer` varchar(255) COLLATE utf8_unicode_ci DEFAULT NULL,
  `category` int(11) NOT NULL,
  `purchasable` tinyint(1) DEFAULT NULL,
  `cost` double NOT NULL,
  `purchase_account_id` varchar(36) COLLATE utf8_unicode_ci DEFAULT NULL,
  `purchase_description` text COLLATE utf8_unicode_ci,
  `salable` tinyint(1) DEFAULT NULL,
  `price` double NOT NULL,
  `sale_account_id` varchar(36) COLLATE utf8_unicode_ci DEFAULT NULL,
  `sale_description` text COLLATE utf8_unicode_ci,
  `is_taxable` tinyint(1) DEFAULT NULL,
  `deleted` datetime DEFAULT NULL,
  `company_id` varchar(36) COLLATE utf8_unicode_ci DEFAULT NULL,
  `updater_id` varchar(36) COLLATE utf8_unicode_ci DEFAULT NULL,
  `creator_id` varchar(36) COLLATE utf8_unicode_ci DEFAULT NULL,
  `updated` datetime NOT NULL,
  `updated_time_zone` int(11) DEFAULT NULL,
  `created` datetime NOT NULL,
  `created_time_zone` int(11) DEFAULT NULL,
  PRIMARY KEY (`id`),
  KEY `IDX_D34A04AD61228EA6` (`company_id`),
  KEY `IDX_D34A04AD61220EA6` (`creator_id`),
  KEY `IDX_D34A04ADE37ECFB0` (`updater_id`),
  KEY `FK_D34A04AD61220EA7` (`purchase_account_id`),
  KEY `FK_D34A04AD61220EA8` (`sale_account_id`),
  CONSTRAINT `FK_D34A04AD61220EA6` FOREIGN KEY (`creator_id`) REFERENCES `user` (`id`),
  CONSTRAINT `FK_D34A04AD61220EA7` FOREIGN KEY (`purchase_account_id`) REFERENCES `account` (`id`),
  CONSTRAINT `FK_D34A04AD61220EA8` FOREIGN KEY (`sale_account_id`) REFERENCES `account` (`id`),
  CONSTRAINT `FK_D34A04AD61228EA6` FOREIGN KEY (`company_id`) REFERENCES `company` (`id`),
  CONSTRAINT `FK_D34A04ADE37ECFB0` FOREIGN KEY (`updater_id`) REFERENCES `user` (`id`)
) ENGINE=InnoDB DEFAULT CHARSET=utf8 COLLATE=utf8_unicode_ci;

LOCK TABLES `product` WRITE;
/*!40000 ALTER TABLE `product` DISABLE KEYS */;

INSERT INTO `product` (`id`, `name`, `description`, `manufacturer`, `category`, `purchasable`, `cost`, `purchase_account_id`, `purchase_description`, `salable`, `price`, `sale_account_id`, `sale_description`, `is_taxable`, `deleted`, `company_id`, `updater_id`, `creator_id`, `updated`, `updated_time_zone`, `created`, `created_time_zone`)
VALUES
	('2fe51519-c15e-11e4-898f-10c37b247796','Michelin',NULL,NULL,1,1,45.26,'69b07036-c159-11e4-898f-10c37b247796','some description',1,54.78,'69b07036-c159-11e4-898f-10','some description',1,NULL,'242495b7-69f4-4107-a4d8-850540e6b834','5fbec591-acc8-49fe-a44e-46c59cae99f9','5fbec591-acc8-49fe-a44e-46c59cae99f9','2015-03-02 20:10:10',NULL,'2015-03-02 20:10:10',NULL);

/*!40000 ALTER TABLE `product` ENABLE KEYS */;
UNLOCK TABLES;


# Dump of table product_variation
# ------------------------------------------------------------

DROP TABLE IF EXISTS `product_variation`;

CREATE TABLE `product_variation` (
  `id` varchar(36) COLLATE utf8_unicode_ci NOT NULL,
  `variation` varchar(500) COLLATE utf8_unicode_ci NOT NULL,
  `sku` varchar(255) COLLATE utf8_unicode_ci NOT NULL,
  `serial` varchar(255) COLLATE utf8_unicode_ci NOT NULL,
  `stock` int(11) NOT NULL,
  `alert_at` int(11) NOT NULL,
  `alert` tinyint(1) NOT NULL,
  `product_id` varchar(36) COLLATE utf8_unicode_ci DEFAULT NULL,
  `location_id` varchar(36) COLLATE utf8_unicode_ci DEFAULT NULL,
  `creator_id` varchar(36) COLLATE utf8_unicode_ci DEFAULT NULL,
  `updater_id` varchar(36) COLLATE utf8_unicode_ci DEFAULT NULL,
  `deleted` datetime DEFAULT NULL,
  `created` datetime NOT NULL,
  `created_time_zone` int(11) DEFAULT NULL,
  `updated` datetime NOT NULL,
  `updated_time_zone` int(11) DEFAULT NULL,
  PRIMARY KEY (`id`),
  KEY `fk_product_variation_3_idx` (`location_id`),
  KEY `fk_product_variation_2_idx` (`creator_id`),
  KEY `fk_product_variation_1_idx` (`updater_id`),
  KEY `fk_product_variation_4_idx` (`location_id`),
  KEY `fk_product_variation_5_idx` (`creator_id`),
  KEY `fk_product_variation_6_idx` (`updater_id`),
  CONSTRAINT `fk_product_variation_1` FOREIGN KEY (`updater_id`) REFERENCES `user` (`id`),
  CONSTRAINT `fk_product_variation_2` FOREIGN KEY (`creator_id`) REFERENCES `user` (`id`),
  CONSTRAINT `fk_product_variation_3` FOREIGN KEY (`location_id`) REFERENCES `location` (`id`)
) ENGINE=InnoDB DEFAULT CHARSET=utf8 COLLATE=utf8_unicode_ci;

LOCK TABLES `product_variation` WRITE;
/*!40000 ALTER TABLE `product_variation` DISABLE KEYS */;

INSERT INTO `product_variation` (`id`, `variation`, `sku`, `serial`, `stock`, `alert_at`, `alert`, `product_id`, `location_id`, `creator_id`, `updater_id`, `deleted`, `created`, `created_time_zone`, `updated`, `updated_time_zone`)
VALUES
	('75da7feb-c15f-11e4-898f-10c37b247796','175/80/15 Radius','45775','4578AA',50,5,1,'2fe51519-c15e-11e4-898f-10c37b247796','05284899-c15a-11e4-898f-10c37b247796','5fbec591-acc8-49fe-a44e-46c59cae99f9','5fbec591-acc8-49fe-a44e-46c59cae99f9',NULL,'2015-03-02 20:20:03',NULL,'2015-03-02 20:20:03',NULL),
	('d823ee4a-c15f-11e4-898f-10c37b247796','155/60/14 Radius','45775','4578AA',40,10,0,'2fe51519-c15e-11e4-898f-10c37b247796','05284899-c15a-11e4-898f-10c37b247796','5fbec591-acc8-49fe-a44e-46c59cae99f9','5fbec591-acc8-49fe-a44e-46c59cae99f9',NULL,'2015-03-02 20:20:03',NULL,'2015-03-02 20:20:03',NULL);

/*!40000 ALTER TABLE `product_variation` ENABLE KEYS */;
UNLOCK TABLES;


# Dump of table project
# ------------------------------------------------------------

DROP TABLE IF EXISTS `project`;

CREATE TABLE `project` (
  `id` varchar(36) COLLATE utf8_unicode_ci NOT NULL,
  `owner_id` varchar(36) COLLATE utf8_unicode_ci DEFAULT NULL,
  `creator_id` varchar(36) COLLATE utf8_unicode_ci DEFAULT NULL,
  `updater_id` varchar(36) COLLATE utf8_unicode_ci DEFAULT NULL,
  `name` varchar(255) COLLATE utf8_unicode_ci NOT NULL,
  `description` varchar(255) COLLATE utf8_unicode_ci NOT NULL,
  `status` int(11) NOT NULL,
  `deleted` tinyint(1) NOT NULL,
  `created` datetime NOT NULL,
  `created_time_zone` int(11) DEFAULT NULL,
  `updated` datetime NOT NULL,
  `updated_time_zone` int(11) DEFAULT NULL,
  PRIMARY KEY (`id`),
  KEY `IDX_2FB3D0EE7E3C61F9` (`owner_id`),
  KEY `IDX_2FB3D0EE61220EA6` (`creator_id`),
  KEY `IDX_2FB3D0EEE37ECFB0` (`updater_id`),
  CONSTRAINT `FK_2FB3D0EE61220EA6` FOREIGN KEY (`creator_id`) REFERENCES `user` (`id`),
  CONSTRAINT `FK_2FB3D0EE7E3C61F9` FOREIGN KEY (`owner_id`) REFERENCES `user` (`id`),
  CONSTRAINT `FK_2FB3D0EEE37ECFB0` FOREIGN KEY (`updater_id`) REFERENCES `user` (`id`)
) ENGINE=InnoDB DEFAULT CHARSET=utf8 COLLATE=utf8_unicode_ci;



# Dump of table project_document
# ------------------------------------------------------------

DROP TABLE IF EXISTS `project_document`;

CREATE TABLE `project_document` (
  `id` varchar(36) COLLATE utf8_unicode_ci NOT NULL,
  `project_id` varchar(36) COLLATE utf8_unicode_ci DEFAULT NULL,
  `document_id` varchar(36) COLLATE utf8_unicode_ci DEFAULT NULL,
  `creator_id` varchar(36) COLLATE utf8_unicode_ci DEFAULT NULL,
  `updater_id` varchar(36) COLLATE utf8_unicode_ci DEFAULT NULL,
  `deleted` tinyint(1) NOT NULL,
  `created` datetime NOT NULL,
  `created_time_zone` int(11) DEFAULT NULL,
  `updated` datetime NOT NULL,
  `updated_time_zone` int(11) DEFAULT NULL,
  PRIMARY KEY (`id`),
  KEY `IDX_E52701AD166D1F9C` (`project_id`),
  KEY `IDX_E52701ADC33F7837` (`document_id`),
  KEY `IDX_E52701AD61220EA6` (`creator_id`),
  KEY `IDX_E52701ADE37ECFB0` (`updater_id`),
  CONSTRAINT `FK_E52701AD166D1F9C` FOREIGN KEY (`project_id`) REFERENCES `project` (`id`),
  CONSTRAINT `FK_E52701AD61220EA6` FOREIGN KEY (`creator_id`) REFERENCES `user` (`id`),
  CONSTRAINT `FK_E52701ADC33F7837` FOREIGN KEY (`document_id`) REFERENCES `document` (`id`),
  CONSTRAINT `FK_E52701ADE37ECFB0` FOREIGN KEY (`updater_id`) REFERENCES `user` (`id`)
) ENGINE=InnoDB DEFAULT CHARSET=utf8 COLLATE=utf8_unicode_ci;



# Dump of table purchase_order
# ------------------------------------------------------------

DROP TABLE IF EXISTS `purchase_order`;

CREATE TABLE `purchase_order` (
  `id` varchar(36) COLLATE utf8_unicode_ci NOT NULL,
  `supplier_id` varchar(36) COLLATE utf8_unicode_ci DEFAULT NULL,
  `creator_id` varchar(36) COLLATE utf8_unicode_ci DEFAULT NULL,
  `updater_id` varchar(36) COLLATE utf8_unicode_ci DEFAULT NULL,
  `order_number` int(11) NOT NULL,
  `reference` int(11) DEFAULT NULL,
  `date` datetime NOT NULL,
  `expected_arrival` datetime DEFAULT NULL,
  `date_raised` datetime DEFAULT NULL,
  `sent` tinyint(1) NOT NULL,
  `currency` varchar(255) COLLATE utf8_unicode_ci NOT NULL,
  `delivery_instruction` varchar(255) COLLATE utf8_unicode_ci DEFAULT NULL,
  `delivery_address` varchar(255) COLLATE utf8_unicode_ci DEFAULT NULL,
  `delivery_attention` varchar(255) COLLATE utf8_unicode_ci DEFAULT NULL,
  `delivery_phone` varchar(255) COLLATE utf8_unicode_ci DEFAULT NULL,
  `status` int(11) NOT NULL,
  `sub_total` double NOT NULL,
  `total_tax` double NOT NULL,
  `amount` double NOT NULL,
  `tax` double NOT NULL,
  `deleted` tinyint(1) DEFAULT NULL,
  `created` datetime NOT NULL,
  `created_time_zone` int(11) DEFAULT NULL,
  `updated` datetime NOT NULL,
  `updated_time_zone` int(11) DEFAULT NULL,
  PRIMARY KEY (`id`),
  KEY `IDX_21E210B29B2A6C7E` (`supplier_id`),
  KEY `IDX_21E210B2BC06EA63` (`creator_id`),
  KEY `IDX_21E210B2E37ECFB0` (`updater_id`),
  CONSTRAINT `FK_21E210B29B2A6C7E` FOREIGN KEY (`supplier_id`) REFERENCES `vendor` (`id`),
  CONSTRAINT `FK_21E210B2BC06EA63` FOREIGN KEY (`creator_id`) REFERENCES `user` (`id`),
  CONSTRAINT `FK_21E210B2E37ECFB0` FOREIGN KEY (`updater_id`) REFERENCES `user` (`id`)
) ENGINE=InnoDB DEFAULT CHARSET=utf8 COLLATE=utf8_unicode_ci;

LOCK TABLES `purchase_order` WRITE;
/*!40000 ALTER TABLE `purchase_order` DISABLE KEYS */;

INSERT INTO `purchase_order` (`id`, `supplier_id`, `creator_id`, `updater_id`, `order_number`, `reference`, `date`, `expected_arrival`, `date_raised`, `sent`, `currency`, `delivery_instruction`, `delivery_address`, `delivery_attention`, `delivery_phone`, `status`, `sub_total`, `total_tax`, `amount`, `tax`, `deleted`, `created`, `created_time_zone`, `updated`, `updated_time_zone`)
VALUES
	('12',NULL,'fec7c94c-9638-11e4-96b1-6ed3d8c13ef2','fec7c94c-9638-11e4-96b1-6ed3d8c13ef2',12,12,'2014-10-02 00:00:00','2014-10-02 00:00:00','2014-10-02 00:00:00',0,'USD','a','a','a','1248763',1,153,548,45,10,NULL,'2014-10-02 00:00:00',NULL,'2014-10-02 00:00:00',NULL),
	('13',NULL,'fec7c94c-9638-11e4-96b1-6ed3d8c13ef2','fec7c94c-9638-11e4-96b1-6ed3d8c13ef2',12,12,'2014-10-02 00:00:00','2014-10-02 00:00:00','2014-10-02 00:00:00',0,'USD','a','a','a','1248763',2,20,548,50,10,NULL,'2014-10-02 00:00:00',NULL,'2014-10-02 00:00:00',NULL),
	('14',NULL,'fec7c94c-9638-11e4-96b1-6ed3d8c13ef2','fec7c94c-9638-11e4-96b1-6ed3d8c13ef2',12,12,'2014-10-02 00:00:00','2014-10-02 00:00:00','2014-10-02 00:00:00',0,'USD','a','a','a','1248763',3,16,548,60,10,NULL,'2014-10-02 00:00:00',NULL,'2014-10-02 00:00:00',NULL),
	('15',NULL,'fec7c94c-9638-11e4-96b1-6ed3d8c13ef2','fec7c94c-9638-11e4-96b1-6ed3d8c13ef2',12,12,'2014-10-02 00:00:00','2014-10-02 00:00:00','2014-10-02 00:00:00',0,'USD','a','a','a','1248763',4,18,548,70,10,NULL,'2014-10-02 00:00:00',NULL,'2014-10-02 00:00:00',NULL);

/*!40000 ALTER TABLE `purchase_order` ENABLE KEYS */;
UNLOCK TABLES;


# Dump of table purchase_order_item
# ------------------------------------------------------------

DROP TABLE IF EXISTS `purchase_order_item`;

CREATE TABLE `purchase_order_item` (
  `id` varchar(36) COLLATE utf8_unicode_ci NOT NULL,
  `purchase_order_id` varchar(36) COLLATE utf8_unicode_ci DEFAULT NULL,
  `product_id` varchar(36) COLLATE utf8_unicode_ci DEFAULT NULL,
  `creator_id` varchar(36) COLLATE utf8_unicode_ci DEFAULT NULL,
  `updater_id` varchar(36) COLLATE utf8_unicode_ci DEFAULT NULL,
  `custom_product_name` varchar(255) COLLATE utf8_unicode_ci DEFAULT NULL,
  `description` varchar(255) COLLATE utf8_unicode_ci DEFAULT NULL,
  `quantity_solicited` int(11) DEFAULT NULL,
  `quantity_received` int(11) DEFAULT NULL,
  `discount_price` double DEFAULT NULL,
  `price` double NOT NULL,
  `deleted` tinyint(1) DEFAULT NULL,
  `created` datetime NOT NULL,
  `created_time_zone` int(11) DEFAULT NULL,
  `updated` datetime NOT NULL,
  `updated_time_zone` int(11) DEFAULT NULL,
  PRIMARY KEY (`id`),
  KEY `IDX_5ED948C3A45D7E6A` (`purchase_order_id`),
  KEY `IDX_5ED948C34584665A` (`product_id`),
  KEY `IDX_5ED948C361220EA6` (`creator_id`),
  KEY `IDX_5ED948C3E37ECFB0` (`updater_id`),
  CONSTRAINT `FK_5ED948C34584665A` FOREIGN KEY (`product_id`) REFERENCES `product` (`id`),
  CONSTRAINT `FK_5ED948C361220EA6` FOREIGN KEY (`creator_id`) REFERENCES `user` (`id`),
  CONSTRAINT `FK_5ED948C3A45D7E6A` FOREIGN KEY (`purchase_order_id`) REFERENCES `purchase_order` (`id`),
  CONSTRAINT `FK_5ED948C3E37ECFB0` FOREIGN KEY (`updater_id`) REFERENCES `user` (`id`)
) ENGINE=InnoDB DEFAULT CHARSET=utf8 COLLATE=utf8_unicode_ci;



# Dump of table question
# ------------------------------------------------------------

DROP TABLE IF EXISTS `question`;

CREATE TABLE `question` (
  `id` varchar(36) COLLATE utf8_unicode_ci NOT NULL,
  `creator_id` varchar(36) COLLATE utf8_unicode_ci DEFAULT NULL,
  `updater_id` varchar(36) COLLATE utf8_unicode_ci DEFAULT NULL,
  `name` varchar(255) COLLATE utf8_unicode_ci NOT NULL,
  `nameKey` varchar(50) COLLATE utf8_unicode_ci DEFAULT NULL,
  `grouping` varchar(50) COLLATE utf8_unicode_ci DEFAULT NULL,
  `ordering` int(11) NOT NULL,
  `displayFormat` varchar(255) COLLATE utf8_unicode_ci DEFAULT NULL,
  `attrs` longtext COLLATE utf8_unicode_ci COMMENT '(DC2Type:array)',
  `deleted` tinyint(1) NOT NULL,
  `created` datetime NOT NULL,
  `created_time_zone` int(11) DEFAULT NULL,
  `updated` datetime NOT NULL,
  `updated_time_zone` int(11) DEFAULT NULL,
  `question_set_id` varchar(36) COLLATE utf8_unicode_ci DEFAULT NULL,
  PRIMARY KEY (`id`),
  KEY `IDX_B6F7494EAD84F5B6` (`question_set_id`),
  KEY `IDX_B6F7494E61220EA6` (`creator_id`),
  KEY `IDX_B6F7494EE37ECFB0` (`updater_id`),
  CONSTRAINT `FK_B6F7494E61220EA6` FOREIGN KEY (`creator_id`) REFERENCES `user` (`id`),
  CONSTRAINT `FK_B6F7494EAD84F5B6` FOREIGN KEY (`question_set_id`) REFERENCES `question_set` (`id`) ON DELETE CASCADE,
  CONSTRAINT `FK_B6F7494EE37ECFB0` FOREIGN KEY (`updater_id`) REFERENCES `user` (`id`)
) ENGINE=InnoDB DEFAULT CHARSET=utf8 COLLATE=utf8_unicode_ci;



# Dump of table question_input
# ------------------------------------------------------------

DROP TABLE IF EXISTS `question_input`;

CREATE TABLE `question_input` (
  `id` varchar(36) COLLATE utf8_unicode_ci NOT NULL,
  `question_id` varchar(36) COLLATE utf8_unicode_ci DEFAULT NULL,
  `creator_id` varchar(36) COLLATE utf8_unicode_ci DEFAULT NULL,
  `updater_id` varchar(36) COLLATE utf8_unicode_ci DEFAULT NULL,
  `type` varchar(50) COLLATE utf8_unicode_ci NOT NULL,
  `attrs` longtext COLLATE utf8_unicode_ci COMMENT '(DC2Type:array)',
  `suffix` varchar(50) COLLATE utf8_unicode_ci DEFAULT NULL,
  `ordering` int(11) NOT NULL,
  `deleted` tinyint(1) NOT NULL,
  `created` datetime NOT NULL,
  `created_time_zone` int(11) DEFAULT NULL,
  `updated` datetime NOT NULL,
  `updated_time_zone` int(11) DEFAULT NULL,
  PRIMARY KEY (`id`),
  KEY `IDX_E8C323D31E27F6BF` (`question_id`),
  KEY `IDX_E8C323D361220EA6` (`creator_id`),
  KEY `IDX_E8C323D3E37ECFB0` (`updater_id`),
  CONSTRAINT `FK_E8C323D31E27F6BF` FOREIGN KEY (`question_id`) REFERENCES `question` (`id`) ON DELETE CASCADE,
  CONSTRAINT `FK_E8C323D361220EA6` FOREIGN KEY (`creator_id`) REFERENCES `user` (`id`),
  CONSTRAINT `FK_E8C323D3E37ECFB0` FOREIGN KEY (`updater_id`) REFERENCES `user` (`id`)
) ENGINE=InnoDB DEFAULT CHARSET=utf8 COLLATE=utf8_unicode_ci;



# Dump of table question_input_value
# ------------------------------------------------------------

DROP TABLE IF EXISTS `question_input_value`;

CREATE TABLE `question_input_value` (
  `id` varchar(36) COLLATE utf8_unicode_ci NOT NULL,
  `creator_id` varchar(36) COLLATE utf8_unicode_ci DEFAULT NULL,
  `updater_id` varchar(36) COLLATE utf8_unicode_ci DEFAULT NULL,
  `grouping` varchar(50) COLLATE utf8_unicode_ci DEFAULT NULL,
  `value` varchar(50) COLLATE utf8_unicode_ci NOT NULL,
  `description` varchar(255) COLLATE utf8_unicode_ci DEFAULT NULL,
  `ordering` int(11) NOT NULL,
  `deleted` tinyint(1) NOT NULL,
  `created` datetime NOT NULL,
  `created_time_zone` int(11) DEFAULT NULL,
  `updated` datetime NOT NULL,
  `updated_time_zone` int(11) DEFAULT NULL,
  `questionInput_id` varchar(36) COLLATE utf8_unicode_ci DEFAULT NULL,
  PRIMARY KEY (`id`),
  KEY `IDX_468D4F0DB5A04CE0` (`questionInput_id`),
  KEY `IDX_468D4F0D61220EA6` (`creator_id`),
  KEY `IDX_468D4F0DE37ECFB0` (`updater_id`),
  CONSTRAINT `FK_468D4F0D61220EA6` FOREIGN KEY (`creator_id`) REFERENCES `user` (`id`),
  CONSTRAINT `FK_468D4F0DB5A04CE0` FOREIGN KEY (`questionInput_id`) REFERENCES `question_input` (`id`) ON DELETE CASCADE,
  CONSTRAINT `FK_468D4F0DE37ECFB0` FOREIGN KEY (`updater_id`) REFERENCES `user` (`id`)
) ENGINE=InnoDB DEFAULT CHARSET=utf8 COLLATE=utf8_unicode_ci;



# Dump of table question_set
# ------------------------------------------------------------

DROP TABLE IF EXISTS `question_set`;

CREATE TABLE `question_set` (
  `id` varchar(36) COLLATE utf8_unicode_ci NOT NULL,
  `creator_id` varchar(36) COLLATE utf8_unicode_ci DEFAULT NULL,
  `updater_id` varchar(36) COLLATE utf8_unicode_ci DEFAULT NULL,
  `name` varchar(50) COLLATE utf8_unicode_ci NOT NULL,
  `name_id` varchar(50) COLLATE utf8_unicode_ci DEFAULT NULL,
  `grouping` varchar(50) COLLATE utf8_unicode_ci DEFAULT NULL,
  `ordering` int(11) DEFAULT NULL,
  `deleted` tinyint(1) NOT NULL,
  `created` datetime NOT NULL,
  `created_time_zone` int(11) DEFAULT NULL,
  `updated` datetime NOT NULL,
  `updated_time_zone` int(11) DEFAULT NULL,
  PRIMARY KEY (`id`),
  KEY `IDX_D600C4A461220EA6` (`creator_id`),
  KEY `IDX_D600C4A4E37ECFB0` (`updater_id`),
  CONSTRAINT `FK_D600C4A461220EA6` FOREIGN KEY (`creator_id`) REFERENCES `user` (`id`),
  CONSTRAINT `FK_D600C4A4E37ECFB0` FOREIGN KEY (`updater_id`) REFERENCES `user` (`id`)
) ENGINE=InnoDB DEFAULT CHARSET=utf8 COLLATE=utf8_unicode_ci;



# Dump of table state
# ------------------------------------------------------------

DROP TABLE IF EXISTS `state`;

CREATE TABLE `state` (
  `id` varchar(36) COLLATE utf8_unicode_ci NOT NULL,
  `country_id` varchar(2) COLLATE utf8_unicode_ci DEFAULT NULL,
  `creator_id` varchar(36) COLLATE utf8_unicode_ci DEFAULT NULL,
  `updater_id` varchar(36) COLLATE utf8_unicode_ci DEFAULT NULL,
  `name` varchar(100) COLLATE utf8_unicode_ci NOT NULL,
  `accent_name` varchar(100) COLLATE utf8_unicode_ci NOT NULL,
  `deleted` datetime DEFAULT NULL,
  `created` datetime NOT NULL,
  `created_time_zone` int(11) DEFAULT NULL,
  `updated` datetime NOT NULL,
  `updated_time_zone` int(11) DEFAULT NULL,
  PRIMARY KEY (`id`),
  KEY `IDX_A393D2FB5373C966` (`country_id`),
  KEY `IDX_A393D2FB61220EA6` (`creator_id`),
  KEY `IDX_A393D2FBE37ECFB0` (`updater_id`),
  CONSTRAINT `FK_A393D2FB5373C966` FOREIGN KEY (`country_id`) REFERENCES `country` (`iso`),
  CONSTRAINT `FK_A393D2FB61220EA6` FOREIGN KEY (`creator_id`) REFERENCES `user` (`id`),
  CONSTRAINT `FK_A393D2FBE37ECFB0` FOREIGN KEY (`updater_id`) REFERENCES `user` (`id`)
) ENGINE=InnoDB DEFAULT CHARSET=utf8 COLLATE=utf8_unicode_ci;

LOCK TABLES `state` WRITE;
/*!40000 ALTER TABLE `state` DISABLE KEYS */;

INSERT INTO `state` (`id`, `country_id`, `creator_id`, `updater_id`, `name`, `accent_name`, `deleted`, `created`, `created_time_zone`, `updated`, `updated_time_zone`)
VALUES
	('6d76fc5b-80e8-11e4-9884-b8ac6f58483b','US','5fbec591-acc8-49fe-a44e-46c59cae99f9','fde7b2da-4d90-11e4-9918-98407aa1b8b7','Florida','Florida','0000-00-00 00:00:00','2014-12-10 00:00:00',NULL,'2014-12-10 00:00:00',NULL);

/*!40000 ALTER TABLE `state` ENABLE KEYS */;
UNLOCK TABLES;


# Dump of table transaction
# ------------------------------------------------------------

DROP TABLE IF EXISTS `transaction`;

CREATE TABLE `transaction` (
  `id` varchar(36) COLLATE utf8_unicode_ci NOT NULL,
  `invoice` varchar(36) COLLATE utf8_unicode_ci DEFAULT NULL,
  `creator_id` varchar(36) COLLATE utf8_unicode_ci DEFAULT NULL,
  `updater_id` varchar(36) COLLATE utf8_unicode_ci DEFAULT NULL,
  `subTotal` varchar(255) COLLATE utf8_unicode_ci NOT NULL,
  `tax` varchar(255) COLLATE utf8_unicode_ci NOT NULL,
  `total` varchar(255) COLLATE utf8_unicode_ci NOT NULL,
  `deleted` tinyint(1) NOT NULL,
  `created` datetime NOT NULL,
  `created_time_zone` int(11) DEFAULT NULL,
  `updated` datetime NOT NULL,
  `updated_time_zone` int(11) DEFAULT NULL,
  PRIMARY KEY (`id`),
  KEY `IDX_723705D190651744` (`invoice`),
  KEY `IDX_723705D161220EA6` (`creator_id`),
  KEY `IDX_723705D1E37ECFB0` (`updater_id`),
  CONSTRAINT `FK_723705D161220EA6` FOREIGN KEY (`creator_id`) REFERENCES `user` (`id`),
  CONSTRAINT `FK_723705D190651744` FOREIGN KEY (`invoice`) REFERENCES `invoice` (`id`),
  CONSTRAINT `FK_723705D1E37ECFB0` FOREIGN KEY (`updater_id`) REFERENCES `user` (`id`)
) ENGINE=InnoDB DEFAULT CHARSET=utf8 COLLATE=utf8_unicode_ci;



# Dump of table user
# ------------------------------------------------------------

DROP TABLE IF EXISTS `user`;

CREATE TABLE `user` (
  `id` varchar(36) COLLATE utf8_unicode_ci NOT NULL,
  `country_id` varchar(2) COLLATE utf8_unicode_ci DEFAULT NULL,
  `avatar_id` varchar(36) COLLATE utf8_unicode_ci DEFAULT NULL,
  `creator_id` varchar(36) COLLATE utf8_unicode_ci DEFAULT NULL,
  `updater_id` varchar(36) COLLATE utf8_unicode_ci DEFAULT NULL,
  `first_name` varchar(20) COLLATE utf8_unicode_ci NOT NULL DEFAULT '',
  `last_name` varchar(20) COLLATE utf8_unicode_ci NOT NULL DEFAULT '',
  `middle_name` varchar(20) COLLATE utf8_unicode_ci DEFAULT NULL,
  `dob` datetime DEFAULT NULL,
  `gender` varchar(1) COLLATE utf8_unicode_ci DEFAULT NULL,
  `race` varchar(20) COLLATE utf8_unicode_ci DEFAULT NULL,
  `ssn` varchar(11) COLLATE utf8_unicode_ci DEFAULT NULL,
  `driver_license` varchar(10) COLLATE utf8_unicode_ci DEFAULT NULL,
  `address1` varchar(50) COLLATE utf8_unicode_ci DEFAULT NULL,
  `address2` varchar(50) COLLATE utf8_unicode_ci DEFAULT NULL,
  `address3` varchar(50) COLLATE utf8_unicode_ci DEFAULT NULL,
  `apto` varchar(255) COLLATE utf8_unicode_ci NOT NULL,
  `city` varchar(20) COLLATE utf8_unicode_ci DEFAULT NULL,
  `state_id` varchar(36) COLLATE utf8_unicode_ci DEFAULT NULL,
  `postal` varchar(20) COLLATE utf8_unicode_ci DEFAULT NULL,
  `birth_place` varchar(20) COLLATE utf8_unicode_ci DEFAULT NULL,
  `phone1` varchar(15) COLLATE utf8_unicode_ci DEFAULT NULL,
  `phone2` varchar(15) COLLATE utf8_unicode_ci DEFAULT NULL,
  `username` varchar(50) COLLATE utf8_unicode_ci DEFAULT NULL,
  `password` varchar(40) COLLATE utf8_unicode_ci DEFAULT NULL,
  `email` varchar(255) COLLATE utf8_unicode_ci DEFAULT NULL,
  `employer_number` varchar(255) COLLATE utf8_unicode_ci NOT NULL,
  `status` tinyint(1) NOT NULL,
  `locked` tinyint(1) NOT NULL,
  `locked_reason` varchar(255) COLLATE utf8_unicode_ci DEFAULT NULL,
  `locked_by` varchar(255) COLLATE utf8_unicode_ci DEFAULT NULL,
  `locked_date` datetime DEFAULT NULL,
  `locked_time_zone` int(11) DEFAULT NULL,
  `password_expiration_date` date DEFAULT NULL,
  `token` varchar(250) COLLATE utf8_unicode_ci DEFAULT NULL,
  `token_expiration_date` datetime DEFAULT NULL,
  `created` datetime NOT NULL,
  `created_time_zone` int(11) DEFAULT NULL,
  `updated` datetime DEFAULT NULL,
  `updated_time_zone` int(11) DEFAULT NULL,
  `is_active` tinyint(1) NOT NULL DEFAULT '0',
  `deleted` tinyint(1) NOT NULL,
  `group_id` varchar(36) COLLATE utf8_unicode_ci DEFAULT NULL,
  `company_id` varchar(36) COLLATE utf8_unicode_ci DEFAULT NULL,
  PRIMARY KEY (`id`),
  UNIQUE KEY `UNIQ_8D93D649F85E0677` (`username`),
  KEY `IDX_8D93D6495373C966` (`country_id`),
  KEY `IDX_8D93D64986383B10` (`avatar_id`),
  KEY `IDX_8D93D64961220EA6` (`creator_id`),
  KEY `IDX_8D93D649E37ECFB0` (`updater_id`),
  KEY `token_idx` (`token`),
  KEY `IDX_8D93D649FE54D947` (`group_id`),
  KEY `IDX_8D93D649979B1AD6` (`company_id`),
  KEY `IDX_8D93D649979B1AD4` (`state_id`),
  CONSTRAINT `FK_8D93D6495373C966` FOREIGN KEY (`country_id`) REFERENCES `country` (`iso`),
  CONSTRAINT `FK_8D93D64961220EA6` FOREIGN KEY (`creator_id`) REFERENCES `user` (`id`),
  CONSTRAINT `FK_8D93D64986383B10` FOREIGN KEY (`avatar_id`) REFERENCES `document` (`id`),
  CONSTRAINT `FK_8D93D649979B1AD6` FOREIGN KEY (`company_id`) REFERENCES `company` (`id`),
  CONSTRAINT `FK_8D93D649E37ECFB0` FOREIGN KEY (`updater_id`) REFERENCES `user` (`id`),
  CONSTRAINT `FK_8D93D649E37ECFB9` FOREIGN KEY (`state_id`) REFERENCES `state` (`id`),
  CONSTRAINT `FK_8D93D649FE54D947` FOREIGN KEY (`group_id`) REFERENCES `group` (`id`)
) ENGINE=InnoDB DEFAULT CHARSET=utf8 COLLATE=utf8_unicode_ci;

LOCK TABLES `user` WRITE;
/*!40000 ALTER TABLE `user` DISABLE KEYS */;

INSERT INTO `user` (`id`, `country_id`, `avatar_id`, `creator_id`, `updater_id`, `first_name`, `last_name`, `middle_name`, `dob`, `gender`, `race`, `ssn`, `driver_license`, `address1`, `address2`, `address3`, `apto`, `city`, `state_id`, `postal`, `birth_place`, `phone1`, `phone2`, `username`, `password`, `email`, `employer_number`, `status`, `locked`, `locked_reason`, `locked_by`, `locked_date`, `locked_time_zone`, `password_expiration_date`, `token`, `token_expiration_date`, `created`, `created_time_zone`, `updated`, `updated_time_zone`, `is_active`, `deleted`, `group_id`, `company_id`)
VALUES
	('5fbec591-acc8-49fe-a44e-46c59cae99f9','US',NULL,NULL,NULL,'Rolian','Ruiz',NULL,'1985-12-08 00:00:00','M',NULL,NULL,'R2345','1000 Parkview Dr','Apt #824',NULL,'','Hallandale Beach','6d76fc5b-80e8-11e4-9884-b8ac6f58483b','33009',NULL,'7863200059',NULL,'rruiz','90457667694c7a464a0399f8df962c943c81579c','rolian85@gmail.com','',0,0,NULL,NULL,NULL,151,'2015-12-07','2d676d397bd250dcc7e0ed8f4bfdc527','2014-12-16 06:16:07','2013-06-17 21:23:41',70,'2014-12-15 22:16:07',NULL,1,0,'2a1e8ff1-c134-413b-bbc1-0f41da9a1613','242495b7-69f4-4107-a4d8-850540e6b834'),
	('d4af5216-9c72-11e4-a966-24be4c436c53','US',NULL,'5fbec591-acc8-49fe-a44e-46c59cae99f9',NULL,'Magento','User',NULL,'2008-11-29 00:00:00',NULL,NULL,NULL,NULL,'Address1','Address2',NULL,'','Miami','6d76fc5b-80e8-11e4-9884-b8ac6f58483b','330012',NULL,'7863200059',NULL,'system','90457667694c7a464a0399f8df962c943c81579c','test@samsystems.io','',0,0,NULL,NULL,NULL,151,'2015-10-16','b60f158e2cdc20cd53e4be254b403acd','2040-01-15 11:12:45','2014-10-06 19:43:05',151,'2015-01-15 03:12:45',NULL,1,0,'2a1e8ff1-c134-413b-bbc1-0f41da9a1613','242495b7-69f4-4107-a4d8-850540e6b834'),
	('fde7b2da-4d90-11e4-9918-98407aa1b8b7','US',NULL,'5fbec591-acc8-49fe-a44e-46c59cae99f9','d4af5216-9c72-11e4-a966-24be4c436c53','Mario','Cardenas',NULL,'2008-11-29 00:00:00',NULL,NULL,NULL,NULL,'Address1','Address2',NULL,'','Miami','6d76fc5b-80e8-11e4-9884-b8ac6f58483b','330012',NULL,'7863200059',NULL,'mario','90457667694c7a464a0399f8df962c943c81579c','rolian85@gmail.com','',0,0,NULL,NULL,NULL,151,'2015-10-16','16652a8661ff1f032cfdcecb4d979b32','2014-11-10 08:33:40','2014-10-06 19:43:05',151,'2014-11-10 00:33:40',NULL,1,0,'3a12ec14-24df-4926-8b5a-bbd5ff8f2a97','242495b7-69f4-4107-a4d8-850540e6b834'),
	('fec7c94c-9638-11e4-96b1-6ed3d8c13ef2','US',NULL,'5fbec591-acc8-49fe-a44e-46c59cae99f9','d4af5216-9c72-11e4-a966-24be4c436c53','Richard','Gonzalez',NULL,'2008-11-29 00:00:00',NULL,NULL,NULL,NULL,'Address1','Address2',NULL,'','Miami','6d76fc5b-80e8-11e4-9884-b8ac6f58483b','330012',NULL,'7863200059',NULL,'richard','90457667694c7a464a0399f8df962c943c81579c','damnpoet@gmail.com','',0,0,NULL,NULL,NULL,151,'2015-10-16','7a4913d564eda8cf1b1266fec9ef0d25','2015-01-15 22:35:54','2014-10-06 19:43:05',151,'2015-01-15 14:35:54',NULL,1,0,'2a1e8ff1-c134-413b-bbc1-0f41da9a1613','242495b7-69f4-4107-a4d8-850540e6b834'),
	('fec7c94c-9638-11e4-96b1-6ed3d8c13ef3','US',NULL,'5fbec591-acc8-49fe-a44e-46c59cae99f9','d4af5216-9c72-11e4-a966-24be4c436c53','Joe','Borrero',NULL,'2008-11-29 00:00:00',NULL,NULL,NULL,NULL,'Address1','Address2',NULL,'','Miami','6d76fc5b-80e8-11e4-9884-b8ac6f58483b','330012',NULL,'7863200059',NULL,'joe','513d74946327c04cb6f0b0190b460dd9821db726','jlborrero@gmail.com','',0,0,NULL,NULL,NULL,151,'2015-10-16','7a4913d564eda8cf1b1266fec9ef0d25','2015-01-15 22:35:54','2014-10-06 19:43:05',151,'2015-01-15 14:35:54',NULL,1,0,'2a1e8ff1-c134-413b-bbc1-0f41da9a1613','242495b7-69f4-4107-a4d8-850540e6b834');

/*!40000 ALTER TABLE `user` ENABLE KEYS */;
UNLOCK TABLES;


# Dump of table users_documents
# ------------------------------------------------------------

DROP TABLE IF EXISTS `users_documents`;

CREATE TABLE `users_documents` (
  `user_id` varchar(36) COLLATE utf8_unicode_ci NOT NULL,
  `document_id` varchar(36) COLLATE utf8_unicode_ci NOT NULL,
  PRIMARY KEY (`user_id`,`document_id`),
  KEY `IDX_C4CD0869A76ED395` (`user_id`),
  KEY `IDX_C4CD0869C33F7837` (`document_id`),
  CONSTRAINT `FK_C4CD0869A76ED395` FOREIGN KEY (`user_id`) REFERENCES `user` (`id`) ON DELETE CASCADE,
  CONSTRAINT `FK_C4CD0869C33F7837` FOREIGN KEY (`document_id`) REFERENCES `document` (`id`) ON DELETE CASCADE
) ENGINE=InnoDB DEFAULT CHARSET=utf8 COLLATE=utf8_unicode_ci;



# Dump of table vendor
# ------------------------------------------------------------

DROP TABLE IF EXISTS `vendor`;

CREATE TABLE `vendor` (
  `id` varchar(36) COLLATE utf8_unicode_ci NOT NULL,
  `name` varchar(255) COLLATE utf8_unicode_ci NOT NULL,
  `phone` varchar(255) COLLATE utf8_unicode_ci NOT NULL,
  `mobile` varchar(100) COLLATE utf8_unicode_ci NOT NULL,
  `fax` varchar(100) COLLATE utf8_unicode_ci NOT NULL,
  `company_name` varchar(100) COLLATE utf8_unicode_ci DEFAULT NULL,
  `web_site` varchar(200) COLLATE utf8_unicode_ci DEFAULT NULL,
  `account_number` varchar(100) COLLATE utf8_unicode_ci DEFAULT NULL,
  `location_id` varchar(36) COLLATE utf8_unicode_ci DEFAULT NULL,
  `track_transaction` tinyint(1) NOT NULL,
  `tax_id` varchar(10) COLLATE utf8_unicode_ci NOT NULL,
  `bank_account` varchar(255) COLLATE utf8_unicode_ci NOT NULL,
  `bank_account_name` varchar(255) COLLATE utf8_unicode_ci NOT NULL,
  `batch_payments_details` varchar(255) COLLATE utf8_unicode_ci NOT NULL,
  `company_id` varchar(36) COLLATE utf8_unicode_ci NOT NULL,
  `deleted` datetime DEFAULT NULL,
  `creator_id` varchar(36) COLLATE utf8_unicode_ci DEFAULT NULL,
  `created` datetime NOT NULL,
  `created_time_zone` int(11) DEFAULT NULL,
  `updater_id` varchar(36) COLLATE utf8_unicode_ci DEFAULT NULL,
  `updated` datetime NOT NULL,
  `updated_time_zone` int(11) DEFAULT NULL,
  PRIMARY KEY (`id`),
  KEY `IDX_F52233F661220EA6` (`creator_id`),
  KEY `IDX_F52233F6E37ECFB0` (`updater_id`),
  KEY `location_id` (`location_id`),
  KEY `company_id` (`company_id`),
  CONSTRAINT `FK_F52233F661220EA4` FOREIGN KEY (`location_id`) REFERENCES `location` (`id`) ON DELETE NO ACTION ON UPDATE NO ACTION,
  CONSTRAINT `FK_F52233F661220EA6` FOREIGN KEY (`creator_id`) REFERENCES `user` (`id`),
  CONSTRAINT `FK_F52233F6E37ECFB0` FOREIGN KEY (`updater_id`) REFERENCES `user` (`id`),
  CONSTRAINT `FK_F52233F661220EA9` FOREIGN KEY (`company_id`) REFERENCES `company` (`id`) ON DELETE NO ACTION ON UPDATE NO ACTION
) ENGINE=InnoDB DEFAULT CHARSET=utf8 COLLATE=utf8_unicode_ci;

LOCK TABLES `vendor` WRITE;
/*!40000 ALTER TABLE `vendor` DISABLE KEYS */;

INSERT INTO `vendor` (`id`, `name`, `phone`, `mobile`, `fax`, `company_name`, `web_site`, `account_number`, `location_id`, `track_transaction`, `tax_id`, `bank_account`, `bank_account_name`, `batch_payments_details`, `company_id`, `deleted`, `creator_id`, `created`, `created_time_zone`, `updater_id`, `updated`, `updated_time_zone`)
VALUES
	('81c2fb0a-2aee-45e8-b61b-cc103b58f239','Antonio','135878','','1438784',NULL,NULL,NULL,'NULL',0,'','','','','242495b7-69f4-4107-a4d8-850540e6b834',NULL,'5fbec591-acc8-49fe-a44e-46c59cae99f9','2015-02-22 11:05:27',0,'5fbec591-acc8-49fe-a44e-46c59cae99f9','2015-02-22 11:05:27',0),
	('95c146f9-2b87-43fa-9166-45f884a0a45f','Jose','13587','','1387318',NULL,NULL,NULL,'NULL',0,'','','','','242495b7-69f4-4107-a4d8-850540e6b834',NULL,'5fbec591-acc8-49fe-a44e-46c59cae99f9','2015-02-22 01:03:17',0,'5fbec591-acc8-49fe-a44e-46c59cae99f9','2015-02-22 01:03:17',0);

/*!40000 ALTER TABLE `vendor` ENABLE KEYS */;
UNLOCK TABLES;

ALTER TABLE `contact` CHANGE `last_name` `last_name` VARCHAR( 100 ) CHARACTER SET utf8 COLLATE utf8_unicode_ci NULL ;
ALTER TABLE `contact` CHANGE `name` `name` VARCHAR( 100 ) CHARACTER SET utf8 COLLATE utf8_unicode_ci NULL ;
ALTER TABLE `contact` CHANGE `phone` `phone` VARCHAR( 50 ) CHARACTER SET utf8 COLLATE utf8_unicode_ci NULL ;
ALTER TABLE `contact` CHANGE `email` `email` VARCHAR( 100 ) CHARACTER SET utf8 COLLATE utf8_unicode_ci NULL ;

ALTER TABLE `vendor` CHANGE `phone` `phone` VARCHAR( 100 ) CHARACTER SET utf8 COLLATE utf8_unicode_ci NULL ;
ALTER TABLE `vendor` CHANGE `mobile` `mobile` VARCHAR( 100 ) CHARACTER SET utf8 COLLATE utf8_unicode_ci NULL ;
ALTER TABLE `vendor` CHANGE `fax` `fax` VARCHAR( 100 ) CHARACTER SET utf8 COLLATE utf8_unicode_ci NULL ;

ALTER TABLE `customer` ADD `is_taxable` BOOLEAN NOT NULL DEFAULT FALSE AFTER `shipping_location_id` ;

INSERT INTO `state` (`id`, `country_id`, `creator_id`, `updater_id`, `name`, `accent_name`, `deleted`, `created`, `created_time_zone`, `updated`, `updated_time_zone`) VALUES
('26c3a0a8-c8f6-11e4-83a6-a088694cea32', 'US', '5fbec591-acc8-49fe-a44e-46c59cae99f9', '5fbec591-acc8-49fe-a44e-46c59cae99f9', 'Oregon', 'Oregon', NULL, '2015-03-12 00:00:00', NULL, '2015-03-12 00:00:00', NULL),
('2aa051b0-c8f2-11e4-83a6-a088694cea32', 'US', '5fbec591-acc8-49fe-a44e-46c59cae99f9', '5fbec591-acc8-49fe-a44e-46c59cae99f9', 'Wisconsin', 'Wisconsin', NULL, '2015-03-12 00:00:00', NULL, '2015-03-12 00:00:00', NULL),
('2e0ebb42-c8ed-11e4-83a6-a088694cea32', 'US', '5fbec591-acc8-49fe-a44e-46c59cae99f9', '5fbec591-acc8-49fe-a44e-46c59cae99f9', 'California', 'California', '0000-00-00 00:00:00', '2015-03-12 00:00:00', NULL, '2015-03-12 00:00:00', NULL),
('353d3b7a-c8f4-11e4-83a6-a088694cea32', 'US', '5fbec591-acc8-49fe-a44e-46c59cae99f9', '5fbec591-acc8-49fe-a44e-46c59cae99f9', 'Ohio', 'Ohio', NULL, '2015-03-12 00:00:00', NULL, '2015-03-12 00:00:00', NULL),
('426f0ca2-c8f3-11e4-83a6-a088694cea32', 'US', '5fbec591-acc8-49fe-a44e-46c59cae99f9', '5fbec591-acc8-49fe-a44e-46c59cae99f9', 'Maryland', 'Maryland', NULL, '2015-03-12 00:00:00', NULL, '2015-03-12 00:00:00', NULL),
('44194158-c8f5-11e4-83a6-a088694cea32', 'US', '5fbec591-acc8-49fe-a44e-46c59cae99f9', '5fbec591-acc8-49fe-a44e-46c59cae99f9', 'llinois', 'llinois', NULL, '2015-03-12 00:00:00', NULL, '2015-03-12 00:00:00', NULL),
('58ba3e78-c8f6-11e4-83a6-a088694cea32', 'US', '5fbec591-acc8-49fe-a44e-46c59cae99f9', '5fbec591-acc8-49fe-a44e-46c59cae99f9', 'MI', 'MI', NULL, '2015-03-12 00:00:00', NULL, '2015-03-12 00:00:00', NULL),
('684e726d-c8f3-11e4-83a6-a088694cea32', 'US', '5fbec591-acc8-49fe-a44e-46c59cae99f9', '5fbec591-acc8-49fe-a44e-46c59cae99f9', 'Texas', 'Texas', NULL, '2015-03-12 00:00:00', NULL, '2015-03-12 00:00:00', NULL),
('6df8c233-c8f5-11e4-83a6-a088694cea32', 'US', '5fbec591-acc8-49fe-a44e-46c59cae99f9', '5fbec591-acc8-49fe-a44e-46c59cae99f9', 'South Carolina', 'South Carolina', NULL, '2015-03-12 00:00:00', NULL, '2015-03-12 00:00:00', NULL),
('6e239b4c-c8f4-11e4-83a6-a088694cea32', 'US', '5fbec591-acc8-49fe-a44e-46c59cae99f9', '5fbec591-acc8-49fe-a44e-46c59cae99f9', 'MS', 'MS', NULL, '2015-03-12 00:00:00', NULL, '2015-03-12 00:00:00', NULL),
('80d7764a-c8f6-11e4-83a6-a088694cea32', 'US', '5fbec591-acc8-49fe-a44e-46c59cae99f9', '5fbec591-acc8-49fe-a44e-46c59cae99f9', 'US', 'US', NULL, '2015-03-12 00:00:00', NULL, '2015-03-12 00:00:00', NULL),
('84a4145e-c8f2-11e4-83a6-a088694cea32', 'US', '5fbec591-acc8-49fe-a44e-46c59cae99f9', '5fbec591-acc8-49fe-a44e-46c59cae99f9', 'Washington', 'Washington', NULL, '2015-03-12 00:00:00', NULL, '2015-03-12 00:00:00', NULL),
('8c3f4a8f-c8f3-11e4-83a6-a088694cea32', 'US', '5fbec591-acc8-49fe-a44e-46c59cae99f9', '5fbec591-acc8-49fe-a44e-46c59cae99f9', 'Georgia', 'Georgia', NULL, '2015-03-12 00:00:00', NULL, '2015-03-12 00:00:00', NULL),
('931d2362-c8f4-11e4-83a6-a088694cea32', 'US', '5fbec591-acc8-49fe-a44e-46c59cae99f9', '5fbec591-acc8-49fe-a44e-46c59cae99f9', 'VA', 'VA', NULL, '2015-03-12 00:00:00', NULL, '2015-03-12 00:00:00', NULL),
('94c3615a-c8f5-11e4-83a6-a088694cea32', 'US', '5fbec591-acc8-49fe-a44e-46c59cae99f9', '5fbec591-acc8-49fe-a44e-46c59cae99f9', 'Colorado', 'Colorado', NULL, '2015-03-12 00:00:00', NULL, '2015-03-12 00:00:00', NULL),
('a0099cd4-c8f1-11e4-83a6-a088694cea32', 'US', '5fbec591-acc8-49fe-a44e-46c59cae99f9', '5fbec591-acc8-49fe-a44e-46c59cae99f9', 'Tennessee', 'Tennessee', NULL, '0000-00-00 00:00:00', NULL, '0000-00-00 00:00:00', NULL),
('a90d7393-c8f6-11e4-83a6-a088694cea32', 'US', '5fbec591-acc8-49fe-a44e-46c59cae99f9', '5fbec591-acc8-49fe-a44e-46c59cae99f9', 'ST', 'ST', NULL, '2015-03-12 00:00:00', NULL, '2015-03-12 00:00:00', NULL),
('c1000158-c8f3-11e4-83a6-a088694cea32', 'US', '5fbec591-acc8-49fe-a44e-46c59cae99f9', '5fbec591-acc8-49fe-a44e-46c59cae99f9', 'Kansas', 'Kansas', NULL, '2015-03-12 00:00:00', NULL, '2015-03-12 00:00:00', NULL),
('c4a641e8-c8f2-11e4-83a6-a088694cea32', 'US', '5fbec591-acc8-49fe-a44e-46c59cae99f9', '5fbec591-acc8-49fe-a44e-46c59cae99f9', 'North Carolina', 'North Carolina', NULL, '2015-03-12 00:00:00', NULL, '2015-03-12 00:00:00', NULL),
('c6f8d6cc-c8f4-11e4-83a6-a088694cea32', 'US', '5fbec591-acc8-49fe-a44e-46c59cae99f9', '5fbec591-acc8-49fe-a44e-46c59cae99f9', 'MA', 'MA', '0000-00-00 00:00:00', '2015-03-12 00:00:00', NULL, '2015-03-12 00:00:00', NULL),
('cff98ef5-c8f5-11e4-83a6-a088694cea32', 'US', '5fbec591-acc8-49fe-a44e-46c59cae99f9', '5fbec591-acc8-49fe-a44e-46c59cae99f9', 'IC', 'IC', NULL, '2015-03-12 00:00:00', NULL, '2015-03-12 00:00:00', NULL),
('dd9504bc-c8f6-11e4-83a6-a088694cea32', 'US', '5fbec591-acc8-49fe-a44e-46c59cae99f9', '5fbec591-acc8-49fe-a44e-46c59cae99f9', 'Pennsylvania', 'PA', NULL, '2015-03-12 00:00:00', NULL, '2015-03-12 00:00:00', NULL),
('ebe06cc3-c8f1-11e4-83a6-a088694cea32', 'US', '5fbec591-acc8-49fe-a44e-46c59cae99f9', '5fbec591-acc8-49fe-a44e-46c59cae99f9', 'New York', 'New York', NULL, '2015-03-12 00:00:00', NULL, '2015-03-12 00:00:00', NULL),
('f2ead29b-c8f4-11e4-83a6-a088694cea32', 'US', '5fbec591-acc8-49fe-a44e-46c59cae99f9', '5fbec591-acc8-49fe-a44e-46c59cae99f9', 'Arizona', 'Arizona', NULL, '2015-03-12 00:00:00', NULL, '2015-03-12 00:00:00', NULL),
('fb55999c-c8f3-11e4-83a6-a088694cea32', 'US', '5fbec591-acc8-49fe-a44e-46c59cae99f9', '5fbec591-acc8-49fe-a44e-46c59cae99f9', 'Minnesota-MN', 'Minnesota-MN', NULL, '2015-03-12 00:00:00', NULL, '2015-03-12 00:00:00', NULL),
('fb7eb24d-c8f2-11e4-83a6-a088694cea32', 'US', '5fbec591-acc8-49fe-a44e-46c59cae99f9', '5fbec591-acc8-49fe-a44e-46c59cae99f9', 'Alabama', 'Alabama', NULL, '2015-03-12 00:00:00', NULL, '2015-03-12 00:00:00', NULL),
('fcbcc989-c8f5-11e4-83a6-a088694cea32', 'US', '5fbec591-acc8-49fe-a44e-46c59cae99f9', '5fbec591-acc8-49fe-a44e-46c59cae99f9', 'Montana', 'Montana', NULL, '2015-03-12 00:00:00', NULL, '2015-03-12 00:00:00', NULL),
('fe2eefc8-c8f6-11e4-83a6-a088694cea32', 'US', '5fbec591-acc8-49fe-a44e-46c59cae99f9', '5fbec591-acc8-49fe-a44e-46c59cae99f9', 'LA', 'LA', NULL, '2015-03-12 00:00:00', NULL, '2015-03-12 00:00:00', NULL);


ALTER TABLE `invoice` CHANGE `customer_shipping_id` `shipping_location_id` VARCHAR(36) CHARACTER SET utf8 COLLATE utf8_unicode_ci NULL DEFAULT NULL;
ALTER TABLE `invoice` DROP FOREIGN KEY `FK_906517441D9540B`;
ALTER TABLE `invoice` ADD CONSTRAINT `FK_906517441D9540B` FOREIGN KEY (`shipping_location_id`) REFERENCES `location` (`id`) ON DELETE RESTRICT ON UPDATE RESTRICT;
ALTER TABLE `invoice` ADD `billing_location_id` VARCHAR(36) NOT NULL AFTER `customer_id` , ADD INDEX (`billing_location_id`);
ALTER TABLE `invoice` ADD CONSTRAINT `FK_906517441D9541B` FOREIGN KEY (`billing_location_id`) REFERENCES `location` (`id`) ON DELETE RESTRICT ON UPDATE RESTRICT;
ALTER TABLE `invoice` ADD `type` VARCHAR(50) NOT NULL AFTER `status`;
ALTER TABLE `invoice` ADD `emails` VARCHAR(255) NULL AFTER `customer_id`;
ALTER TABLE `invoice` CHANGE `delivery_date` `due_date` DATETIME NULL ;

ALTER TABLE `invoice` ADD `company_id` VARCHAR(36) NOT NULL AFTER `customer_id`,ADD INDEX (`company_id`);
ALTER TABLE `invoice` ADD CONSTRAINT `FK_90651744F52233F5` FOREIGN KEY ( `company_id` ) REFERENCES `company` (`id`) ON DELETE RESTRICT ON UPDATE RESTRICT;

ALTER TABLE `user` CHANGE `deleted` `deleted` DATETIME NULL DEFAULT NULL;
ALTER TABLE `user` DROP FOREIGN KEY `FK_8D93D649FE54D947`;
ALTER TABLE `user` DROP `group_id`;

ALTER TABLE `purchase_order` DROP FOREIGN KEY `FK_21E210B29B2A6C7E`;
ALTER TABLE `purchase_order` ADD CONSTRAINT `FK_21E210B29B2A6C7E` FOREIGN KEY(`supplier_id`) REFERENCES `inventory`.`vendor` (`id`) ON DELETE RESTRICT ON UPDATE RESTRICT;
ALTER TABLE `purchase_order` ADD `company_id` VARCHAR(36) NULL DEFAULT NULL AFTER `tax` ;
ALTER TABLE `purchase_order` ADD INDEX ( `company_id` ) ;
ALTER TABLE `purchase_order` ADD CONSTRAINT `FK_21E210B2E37ECFB1` FOREIGN KEY (`company_id`) REFERENCES `inventory`.`company` (`id`) ON DELETE RESTRICT ON UPDATE RESTRICT;
ALTER TABLE `purchase_order` CHANGE `deleted` `deleted` DATETIME NULL DEFAULT NULL
ALTER TABLE `purchase_order` CHANGE `status` `status` VARCHAR(100) NOT NULL;

CREATE TABLE IF NOT EXISTS `user_groups` (
  `id` int(11) NOT NULL AUTO_INCREMENT,
  `user_id` varchar(36) CHARACTER SET utf8 COLLATE utf8_unicode_ci NOT NULL,
  `group_id` varchar(36) CHARACTER SET utf8 COLLATE utf8_unicode_ci NOT NULL,
  PRIMARY KEY (`id`),
  KEY `user_id` (`user_id`,`group_id`),
  KEY `group_id` (`group_id`)
) ENGINE=InnoDB  DEFAULT CHARSET=latin1;
ALTER TABLE `user_groups`
  ADD CONSTRAINT `FK_21E210B2E37ECFB2` FOREIGN KEY (`user_id`) REFERENCES `user` (`id`) ON DELETE CASCADE,
  ADD CONSTRAINT `FK_21E210B2E37ECFB3` FOREIGN KEY (`group_id`) REFERENCES `group` (`id`) ON DELETE CASCADE;
  

/*!40111 SET SQL_NOTES=@OLD_SQL_NOTES */;
/*!40101 SET SQL_MODE=@OLD_SQL_MODE */;
/*!40014 SET FOREIGN_KEY_CHECKS=@OLD_FOREIGN_KEY_CHECKS */;
/*!40101 SET CHARACTER_SET_CLIENT=@OLD_CHARACTER_SET_CLIENT */;
/*!40101 SET CHARACTER_SET_RESULTS=@OLD_CHARACTER_SET_RESULTS */;
/*!40101 SET COLLATION_CONNECTION=@OLD_COLLATION_CONNECTION */;